START,STOP,PATIENT,ENCOUNTER,CODE,DESCRIPTION
1986-05-26,,77890f16-fad9-448a-8c1d-6c257bff7eb8,d5dceba9-62a3-4ed0-a427-437f01942dbf,424213003,Allergy to bee venom
1991-04-23,,255e5c8d-458c-450f-a269-2c2307236f15,ce303729-e8d2-4f8b-a8c7-da8836db36e6,424213003,Allergy to bee venom
1991-04-23,,255e5c8d-458c-450f-a269-2c2307236f15,ce303729-e8d2-4f8b-a8c7-da8836db36e6,419474003,Allergy to mould
1991-04-23,,255e5c8d-458c-450f-a269-2c2307236f15,ce303729-e8d2-4f8b-a8c7-da8836db36e6,232350006,House dust mite allergy
1991-04-23,,255e5c8d-458c-450f-a269-2c2307236f15,ce303729-e8d2-4f8b-a8c7-da8836db36e6,232347008,Dander (animal) allergy
1991-04-23,,255e5c8d-458c-450f-a269-2c2307236f15,ce303729-e8d2-4f8b-a8c7-da8836db36e6,418689008,Allergy to grass pollen
1991-04-23,,255e5c8d-458c-450f-a269-2c2307236f15,ce303729-e8d2-4f8b-a8c7-da8836db36e6,419263009,Allergy to tree pollen
1991-04-23,,255e5c8d-458c-450f-a269-2c2307236f15,ce303729-e8d2-4f8b-a8c7-da8836db36e6,91935009,Allergy to peanuts
2015-03-13,,22cd5289-cc54-439a-aa49-fbd6885ffc64,3bccab1c-265a-429d-8104-bf188e800e9d,424213003,Allergy to bee venom
2015-03-13,,22cd5289-cc54-439a-aa49-fbd6885ffc64,3bccab1c-265a-429d-8104-bf188e800e9d,419474003,Allergy to mould
2015-03-13,,22cd5289-cc54-439a-aa49-fbd6885ffc64,3bccab1c-265a-429d-8104-bf188e800e9d,232350006,House dust mite allergy
2015-03-13,,22cd5289-cc54-439a-aa49-fbd6885ffc64,3bccab1c-265a-429d-8104-bf188e800e9d,232347008,Dander (animal) allergy
2015-03-13,,22cd5289-cc54-439a-aa49-fbd6885ffc64,3bccab1c-265a-429d-8104-bf188e800e9d,418689008,Allergy to grass pollen
2015-03-13,,22cd5289-cc54-439a-aa49-fbd6885ffc64,3bccab1c-265a-429d-8104-bf188e800e9d,419263009,Allergy to tree pollen
2015-03-13,,22cd5289-cc54-439a-aa49-fbd6885ffc64,3bccab1c-265a-429d-8104-bf188e800e9d,420174000,Allergy to wheat
2015-03-13,,22cd5289-cc54-439a-aa49-fbd6885ffc64,3bccab1c-265a-429d-8104-bf188e800e9d,300913006,Shellfish allergy
2015-03-13,,22cd5289-cc54-439a-aa49-fbd6885ffc64,3bccab1c-265a-429d-8104-bf188e800e9d,91934008,Allergy to nut
2000-04-04,,9e673cc1-b8ee-4cbd-83d1-159701069fb6,fefc8991-955a-4ef5-b45e-c109cae9447b,424213003,Allergy to bee venom
2000-04-04,2015-05-07,9e673cc1-b8ee-4cbd-83d1-159701069fb6,fefc8991-955a-4ef5-b45e-c109cae9447b,419474003,Allergy to mould
2000-04-04,2015-05-07,9e673cc1-b8ee-4cbd-83d1-159701069fb6,fefc8991-955a-4ef5-b45e-c109cae9447b,232350006,House dust mite allergy
2000-04-04,2015-05-07,9e673cc1-b8ee-4cbd-83d1-159701069fb6,fefc8991-955a-4ef5-b45e-c109cae9447b,232347008,Dander (animal) allergy
2000-04-04,2015-05-07,9e673cc1-b8ee-4cbd-83d1-159701069fb6,fefc8991-955a-4ef5-b45e-c109cae9447b,418689008,Allergy to grass pollen
2000-04-04,,9e673cc1-b8ee-4cbd-83d1-159701069fb6,fefc8991-955a-4ef5-b45e-c109cae9447b,419263009,Allergy to tree pollen
2000-04-04,2016-05-28,9e673cc1-b8ee-4cbd-83d1-159701069fb6,fefc8991-955a-4ef5-b45e-c109cae9447b,420174000,Allergy to wheat
2000-04-04,,9e673cc1-b8ee-4cbd-83d1-159701069fb6,fefc8991-955a-4ef5-b45e-c109cae9447b,91934008,Allergy to nut
2017-03-17,,c0df75fd-c4cf-4e05-bfad-8e00345354db,4adaf5fe-dd65-424c-a394-a9c1e1764871,300916003,Latex allergy
2017-03-17,,c0df75fd-c4cf-4e05-bfad-8e00345354db,4adaf5fe-dd65-424c-a394-a9c1e1764871,419474003,Allergy to mould
2017-03-17,,c0df75fd-c4cf-4e05-bfad-8e00345354db,4adaf5fe-dd65-424c-a394-a9c1e1764871,232347008,Dander (animal) allergy
2017-03-17,,c0df75fd-c4cf-4e05-bfad-8e00345354db,4adaf5fe-dd65-424c-a394-a9c1e1764871,418689008,Allergy to grass pollen
2017-03-17,,c0df75fd-c4cf-4e05-bfad-8e00345354db,4adaf5fe-dd65-424c-a394-a9c1e1764871,419263009,Allergy to tree pollen
2017-03-17,,c0df75fd-c4cf-4e05-bfad-8e00345354db,4adaf5fe-dd65-424c-a394-a9c1e1764871,300913006,Shellfish allergy
2017-03-17,,c0df75fd-c4cf-4e05-bfad-8e00345354db,4adaf5fe-dd65-424c-a394-a9c1e1764871,417532002,Allergy to fish
2016-07-12,,bc93481f-14d9-465e-9603-503e3a4ecdc1,20762dd6-78ec-4646-b2a9-2ddbdc5664e1,91935009,Allergy to peanuts
1992-02-25,,fa4a72a0-ecae-4361-b3f8-2a8a679b7a49,1d7d30a7-2ac2-45d6-aa29-44c259098e1f,424213003,Allergy to bee venom
1992-02-25,,fa4a72a0-ecae-4361-b3f8-2a8a679b7a49,1d7d30a7-2ac2-45d6-aa29-44c259098e1f,419474003,Allergy to mould
1992-02-25,,fa4a72a0-ecae-4361-b3f8-2a8a679b7a49,1d7d30a7-2ac2-45d6-aa29-44c259098e1f,232350006,House dust mite allergy
1992-02-25,,fa4a72a0-ecae-4361-b3f8-2a8a679b7a49,1d7d30a7-2ac2-45d6-aa29-44c259098e1f,232347008,Dander (animal) allergy
1992-02-25,,fa4a72a0-ecae-4361-b3f8-2a8a679b7a49,1d7d30a7-2ac2-45d6-aa29-44c259098e1f,418689008,Allergy to grass pollen
1992-02-25,,fa4a72a0-ecae-4361-b3f8-2a8a679b7a49,1d7d30a7-2ac2-45d6-aa29-44c259098e1f,419263009,Allergy to tree pollen
1992-02-25,2009-06-12,fa4a72a0-ecae-4361-b3f8-2a8a679b7a49,1d7d30a7-2ac2-45d6-aa29-44c259098e1f,714035009,Allergy to soya
1975-08-08,,212672ed-3647-4209-83ec-64918dc4f5ca,b1c644a0-8709-4f8b-894e-c3e63072c661,419474003,Allergy to mould
1975-08-08,,212672ed-3647-4209-83ec-64918dc4f5ca,b1c644a0-8709-4f8b-894e-c3e63072c661,232350006,House dust mite allergy
1975-08-08,,212672ed-3647-4209-83ec-64918dc4f5ca,b1c644a0-8709-4f8b-894e-c3e63072c661,232347008,Dander (animal) allergy
1975-08-08,,212672ed-3647-4209-83ec-64918dc4f5ca,b1c644a0-8709-4f8b-894e-c3e63072c661,418689008,Allergy to grass pollen
1975-08-08,,212672ed-3647-4209-83ec-64918dc4f5ca,b1c644a0-8709-4f8b-894e-c3e63072c661,419263009,Allergy to tree pollen
1960-04-15,,65fac1de-37d6-4601-a1c1-b02fd0fe09e5,a7b83b22-0d0e-4632-8206-6a76b8952594,419474003,Allergy to mould
1960-04-15,,65fac1de-37d6-4601-a1c1-b02fd0fe09e5,a7b83b22-0d0e-4632-8206-6a76b8952594,232350006,House dust mite allergy
1960-04-15,,65fac1de-37d6-4601-a1c1-b02fd0fe09e5,a7b83b22-0d0e-4632-8206-6a76b8952594,232347008,Dander (animal) allergy
1960-04-15,,65fac1de-37d6-4601-a1c1-b02fd0fe09e5,a7b83b22-0d0e-4632-8206-6a76b8952594,418689008,Allergy to grass pollen
1960-04-15,,65fac1de-37d6-4601-a1c1-b02fd0fe09e5,a7b83b22-0d0e-4632-8206-6a76b8952594,419263009,Allergy to tree pollen
1960-04-15,,65fac1de-37d6-4601-a1c1-b02fd0fe09e5,a7b83b22-0d0e-4632-8206-6a76b8952594,300913006,Shellfish allergy
1960-04-15,,65fac1de-37d6-4601-a1c1-b02fd0fe09e5,a7b83b22-0d0e-4632-8206-6a76b8952594,91934008,Allergy to nut
2011-09-30,,3c49dbc6-34cc-4110-a0ae-e874388e7743,48281b23-c1ee-414f-9b65-5392a2d6da30,300916003,Latex allergy
2011-09-30,,3c49dbc6-34cc-4110-a0ae-e874388e7743,48281b23-c1ee-414f-9b65-5392a2d6da30,419474003,Allergy to mould
2011-09-30,,3c49dbc6-34cc-4110-a0ae-e874388e7743,48281b23-c1ee-414f-9b65-5392a2d6da30,232350006,House dust mite allergy
2011-09-30,,3c49dbc6-34cc-4110-a0ae-e874388e7743,48281b23-c1ee-414f-9b65-5392a2d6da30,232347008,Dander (animal) allergy
2011-09-30,,3c49dbc6-34cc-4110-a0ae-e874388e7743,48281b23-c1ee-414f-9b65-5392a2d6da30,418689008,Allergy to grass pollen
2011-09-30,,3c49dbc6-34cc-4110-a0ae-e874388e7743,48281b23-c1ee-414f-9b65-5392a2d6da30,419263009,Allergy to tree pollen
2011-09-30,,3c49dbc6-34cc-4110-a0ae-e874388e7743,48281b23-c1ee-414f-9b65-5392a2d6da30,417532002,Allergy to fish
2011-09-30,,3c49dbc6-34cc-4110-a0ae-e874388e7743,48281b23-c1ee-414f-9b65-5392a2d6da30,91935009,Allergy to peanuts
2015-05-20,,f7e74cee-a3db-4fe7-80e2-6dbadb20f5e0,2de9a028-a556-4889-ab1b-6bda69e47a5e,419474003,Allergy to mould
2015-05-20,,f7e74cee-a3db-4fe7-80e2-6dbadb20f5e0,2de9a028-a556-4889-ab1b-6bda69e47a5e,232350006,House dust mite allergy
2015-05-20,,f7e74cee-a3db-4fe7-80e2-6dbadb20f5e0,2de9a028-a556-4889-ab1b-6bda69e47a5e,232347008,Dander (animal) allergy
2015-05-20,,f7e74cee-a3db-4fe7-80e2-6dbadb20f5e0,2de9a028-a556-4889-ab1b-6bda69e47a5e,419263009,Allergy to tree pollen
2015-05-20,,f7e74cee-a3db-4fe7-80e2-6dbadb20f5e0,2de9a028-a556-4889-ab1b-6bda69e47a5e,91930004,Allergy to eggs
2015-05-20,,f7e74cee-a3db-4fe7-80e2-6dbadb20f5e0,2de9a028-a556-4889-ab1b-6bda69e47a5e,300913006,Shellfish allergy
2015-05-20,,f7e74cee-a3db-4fe7-80e2-6dbadb20f5e0,2de9a028-a556-4889-ab1b-6bda69e47a5e,417532002,Allergy to fish
2009-12-13,,71cb1a33-bda5-4491-a217-381a002ab329,1420d5ea-b103-4452-87e2-92cda64175fc,419474003,Allergy to mould
2009-12-13,,71cb1a33-bda5-4491-a217-381a002ab329,1420d5ea-b103-4452-87e2-92cda64175fc,232347008,Dander (animal) allergy
2009-12-13,,71cb1a33-bda5-4491-a217-381a002ab329,1420d5ea-b103-4452-87e2-92cda64175fc,418689008,Allergy to grass pollen
2009-12-13,,71cb1a33-bda5-4491-a217-381a002ab329,1420d5ea-b103-4452-87e2-92cda64175fc,419263009,Allergy to tree pollen
2009-12-13,,71cb1a33-bda5-4491-a217-381a002ab329,1420d5ea-b103-4452-87e2-92cda64175fc,91930004,Allergy to eggs
2009-12-13,,71cb1a33-bda5-4491-a217-381a002ab329,1420d5ea-b103-4452-87e2-92cda64175fc,300913006,Shellfish allergy
1977-05-12,,e2992d59-3ee8-40ff-af58-32ff685c53a9,8c641ced-86e5-4c0d-b80a-0b55973b7f30,232347008,Dander (animal) allergy
1994-06-26,,ce4c3de7-0133-4844-abf0-3b4690ce7410,9aa58a63-26a0-41c7-af4f-200f2020b85c,424213003,Allergy to bee venom
1994-06-26,,ce4c3de7-0133-4844-abf0-3b4690ce7410,9aa58a63-26a0-41c7-af4f-200f2020b85c,419474003,Allergy to mould
1994-06-26,,ce4c3de7-0133-4844-abf0-3b4690ce7410,9aa58a63-26a0-41c7-af4f-200f2020b85c,232350006,House dust mite allergy
1994-06-26,,ce4c3de7-0133-4844-abf0-3b4690ce7410,9aa58a63-26a0-41c7-af4f-200f2020b85c,232347008,Dander (animal) allergy
1994-06-26,,ce4c3de7-0133-4844-abf0-3b4690ce7410,9aa58a63-26a0-41c7-af4f-200f2020b85c,418689008,Allergy to grass pollen
1994-06-26,2010-08-18,ce4c3de7-0133-4844-abf0-3b4690ce7410,9aa58a63-26a0-41c7-af4f-200f2020b85c,714035009,Allergy to soya
1994-06-26,2010-08-18,ce4c3de7-0133-4844-abf0-3b4690ce7410,9aa58a63-26a0-41c7-af4f-200f2020b85c,91930004,Allergy to eggs
1994-06-26,,ce4c3de7-0133-4844-abf0-3b4690ce7410,9aa58a63-26a0-41c7-af4f-200f2020b85c,300913006,Shellfish allergy
2008-07-11,,28c68fb3-316b-438f-9f1a-a1ff476cbdb7,2a25685a-9841-4e6a-8c03-e0b32c7dcb19,300916003,Latex allergy
2008-07-11,,28c68fb3-316b-438f-9f1a-a1ff476cbdb7,2a25685a-9841-4e6a-8c03-e0b32c7dcb19,424213003,Allergy to bee venom
2008-07-11,,28c68fb3-316b-438f-9f1a-a1ff476cbdb7,2a25685a-9841-4e6a-8c03-e0b32c7dcb19,419474003,Allergy to mould
2008-07-11,,28c68fb3-316b-438f-9f1a-a1ff476cbdb7,2a25685a-9841-4e6a-8c03-e0b32c7dcb19,232350006,House dust mite allergy
2008-07-11,,28c68fb3-316b-438f-9f1a-a1ff476cbdb7,2a25685a-9841-4e6a-8c03-e0b32c7dcb19,232347008,Dander (animal) allergy
2008-07-11,,28c68fb3-316b-438f-9f1a-a1ff476cbdb7,2a25685a-9841-4e6a-8c03-e0b32c7dcb19,418689008,Allergy to grass pollen
2008-07-11,,28c68fb3-316b-438f-9f1a-a1ff476cbdb7,2a25685a-9841-4e6a-8c03-e0b32c7dcb19,419263009,Allergy to tree pollen
2008-07-11,,28c68fb3-316b-438f-9f1a-a1ff476cbdb7,2a25685a-9841-4e6a-8c03-e0b32c7dcb19,425525006,Allergy to dairy product
2008-07-11,,28c68fb3-316b-438f-9f1a-a1ff476cbdb7,2a25685a-9841-4e6a-8c03-e0b32c7dcb19,417532002,Allergy to fish
2008-07-11,,28c68fb3-316b-438f-9f1a-a1ff476cbdb7,2a25685a-9841-4e6a-8c03-e0b32c7dcb19,91935009,Allergy to peanuts
1984-04-30,,89011b32-527d-49a8-9df7-41a8267a8e23,fbb8362b-88d6-4d84-8e61-3f740060d827,424213003,Allergy to bee venom
1984-04-30,,89011b32-527d-49a8-9df7-41a8267a8e23,fbb8362b-88d6-4d84-8e61-3f740060d827,232347008,Dander (animal) allergy
1984-04-30,,89011b32-527d-49a8-9df7-41a8267a8e23,fbb8362b-88d6-4d84-8e61-3f740060d827,418689008,Allergy to grass pollen
1984-04-30,,89011b32-527d-49a8-9df7-41a8267a8e23,fbb8362b-88d6-4d84-8e61-3f740060d827,419263009,Allergy to tree pollen
1984-04-30,,89011b32-527d-49a8-9df7-41a8267a8e23,fbb8362b-88d6-4d84-8e61-3f740060d827,417532002,Allergy to fish
1979-09-25,,3cdced8e-fa60-42e3-825b-ec5f43d4206f,b0ce85c0-dc14-4482-ba00-6bb02a3fdfae,419474003,Allergy to mould
1979-09-25,,3cdced8e-fa60-42e3-825b-ec5f43d4206f,b0ce85c0-dc14-4482-ba00-6bb02a3fdfae,232350006,House dust mite allergy
1979-09-25,,3cdced8e-fa60-42e3-825b-ec5f43d4206f,b0ce85c0-dc14-4482-ba00-6bb02a3fdfae,232347008,Dander (animal) allergy
1979-09-25,,3cdced8e-fa60-42e3-825b-ec5f43d4206f,b0ce85c0-dc14-4482-ba00-6bb02a3fdfae,418689008,Allergy to grass pollen
1979-09-25,,3cdced8e-fa60-42e3-825b-ec5f43d4206f,b0ce85c0-dc14-4482-ba00-6bb02a3fdfae,419263009,Allergy to tree pollen
1984-11-26,,316d11b7-396f-4a43-b8cf-cddd39e733ed,d12532d0-d024-4b3e-9dc6-a0fc580e362f,420174000,Allergy to wheat
1985-08-27,,b1300f32-639e-4f61-94a2-d00a7d159ee9,ccbc32ed-788d-43d0-a4c6-e6ac3ff724e2,91935009,Allergy to peanuts
1952-10-18,,ade13c48-3e34-46ff-ad26-c3ff1e8e42fb,e4c4e5e7-dcfc-4f62-996c-f56ef671b145,91935009,Allergy to peanuts
2014-10-26,,ac008570-173a-493b-87dd-08fe70c9b272,f6bf8bde-b018-4120-9015-314328f00fa7,424213003,Allergy to bee venom
2014-10-26,,ac008570-173a-493b-87dd-08fe70c9b272,f6bf8bde-b018-4120-9015-314328f00fa7,419474003,Allergy to mould
2014-10-26,,ac008570-173a-493b-87dd-08fe70c9b272,f6bf8bde-b018-4120-9015-314328f00fa7,232347008,Dander (animal) allergy
2014-10-26,,ac008570-173a-493b-87dd-08fe70c9b272,f6bf8bde-b018-4120-9015-314328f00fa7,418689008,Allergy to grass pollen
2014-10-26,,ac008570-173a-493b-87dd-08fe70c9b272,f6bf8bde-b018-4120-9015-314328f00fa7,419263009,Allergy to tree pollen
2014-10-26,,ac008570-173a-493b-87dd-08fe70c9b272,f6bf8bde-b018-4120-9015-314328f00fa7,420174000,Allergy to wheat
1997-04-24,,81a64c94-1452-42b3-bda8-e7e58b2d4e6b,0436c974-e934-4c3a-94a8-59f08e76d929,418689008,Allergy to grass pollen
2005-09-29,,a2df0576-40d6-4089-b9a6-f645903e8297,0972a0e8-1c37-40cb-bd23-e7b7afa45166,419474003,Allergy to mould
2005-09-29,,a2df0576-40d6-4089-b9a6-f645903e8297,0972a0e8-1c37-40cb-bd23-e7b7afa45166,300913006,Shellfish allergy
2001-12-23,,56e6b3eb-5dcf-4da8-b9be-01d120f70c1b,0172a7d6-5193-4a8c-a44a-8372f5f2fc40,419474003,Allergy to mould
2001-12-23,,56e6b3eb-5dcf-4da8-b9be-01d120f70c1b,0172a7d6-5193-4a8c-a44a-8372f5f2fc40,232350006,House dust mite allergy
2001-12-23,,56e6b3eb-5dcf-4da8-b9be-01d120f70c1b,0172a7d6-5193-4a8c-a44a-8372f5f2fc40,232347008,Dander (animal) allergy
2001-12-23,,56e6b3eb-5dcf-4da8-b9be-01d120f70c1b,0172a7d6-5193-4a8c-a44a-8372f5f2fc40,418689008,Allergy to grass pollen
2001-12-23,,56e6b3eb-5dcf-4da8-b9be-01d120f70c1b,0172a7d6-5193-4a8c-a44a-8372f5f2fc40,425525006,Allergy to dairy product
2001-12-23,,56e6b3eb-5dcf-4da8-b9be-01d120f70c1b,0172a7d6-5193-4a8c-a44a-8372f5f2fc40,91935009,Allergy to peanuts
2002-02-25,,44cebe8f-bf07-400c-8fba-0425af0fe5a6,0999e1e9-4010-4535-a91c-75adf7fc2791,300916003,Latex allergy
2002-02-25,,44cebe8f-bf07-400c-8fba-0425af0fe5a6,0999e1e9-4010-4535-a91c-75adf7fc2791,424213003,Allergy to bee venom
2002-02-25,,44cebe8f-bf07-400c-8fba-0425af0fe5a6,0999e1e9-4010-4535-a91c-75adf7fc2791,419474003,Allergy to mould
2002-02-25,2018-02-20,44cebe8f-bf07-400c-8fba-0425af0fe5a6,0999e1e9-4010-4535-a91c-75adf7fc2791,232350006,House dust mite allergy
2002-02-25,2018-02-20,44cebe8f-bf07-400c-8fba-0425af0fe5a6,0999e1e9-4010-4535-a91c-75adf7fc2791,232347008,Dander (animal) allergy
2002-02-25,2018-08-15,44cebe8f-bf07-400c-8fba-0425af0fe5a6,0999e1e9-4010-4535-a91c-75adf7fc2791,714035009,Allergy to soya
2002-02-25,,44cebe8f-bf07-400c-8fba-0425af0fe5a6,0999e1e9-4010-4535-a91c-75adf7fc2791,417532002,Allergy to fish
2002-02-25,,44cebe8f-bf07-400c-8fba-0425af0fe5a6,0999e1e9-4010-4535-a91c-75adf7fc2791,91934008,Allergy to nut
2002-02-25,,44cebe8f-bf07-400c-8fba-0425af0fe5a6,0999e1e9-4010-4535-a91c-75adf7fc2791,91935009,Allergy to peanuts
1993-05-02,,2c26dbea-0da6-4c10-b5ab-f88fe894fffb,8fa6800f-3a6a-4832-a31d-284a652fb5dd,232350006,House dust mite allergy
1985-04-12,,aa5f3438-7233-4791-a389-59ff71f20960,ca15036b-23e3-47df-b36b-2ed0d50b069e,232347008,Dander (animal) allergy
1945-03-27,,b75e009b-40d3-44e9-a456-ad8dc76703f4,2263840a-b9d1-4ef8-8bfc-6e4408b96583,91934008,Allergy to nut
1997-12-20,,088572a2-18cd-422b-93fe-5569eee68723,06583e4b-9ffa-45a6-82fc-2733a6bda0a3,424213003,Allergy to bee venom
1997-12-20,2014-06-04,088572a2-18cd-422b-93fe-5569eee68723,06583e4b-9ffa-45a6-82fc-2733a6bda0a3,419474003,Allergy to mould
1997-12-20,2014-06-04,088572a2-18cd-422b-93fe-5569eee68723,06583e4b-9ffa-45a6-82fc-2733a6bda0a3,232350006,House dust mite allergy
1997-12-20,2014-06-04,088572a2-18cd-422b-93fe-5569eee68723,06583e4b-9ffa-45a6-82fc-2733a6bda0a3,232347008,Dander (animal) allergy
1997-12-20,2014-06-04,088572a2-18cd-422b-93fe-5569eee68723,06583e4b-9ffa-45a6-82fc-2733a6bda0a3,418689008,Allergy to grass pollen
1997-12-20,,088572a2-18cd-422b-93fe-5569eee68723,06583e4b-9ffa-45a6-82fc-2733a6bda0a3,417532002,Allergy to fish
1997-12-20,,088572a2-18cd-422b-93fe-5569eee68723,06583e4b-9ffa-45a6-82fc-2733a6bda0a3,91934008,Allergy to nut
1999-06-13,,b6bc3c54-0ee6-4855-9060-17e99407bd4a,603f6de0-70ee-4e88-96d7-0f9b80ec666c,424213003,Allergy to bee venom
1999-06-13,,b6bc3c54-0ee6-4855-9060-17e99407bd4a,603f6de0-70ee-4e88-96d7-0f9b80ec666c,419474003,Allergy to mould
1999-06-13,,b6bc3c54-0ee6-4855-9060-17e99407bd4a,603f6de0-70ee-4e88-96d7-0f9b80ec666c,232350006,House dust mite allergy
1999-06-13,,b6bc3c54-0ee6-4855-9060-17e99407bd4a,603f6de0-70ee-4e88-96d7-0f9b80ec666c,232347008,Dander (animal) allergy
1999-06-13,,b6bc3c54-0ee6-4855-9060-17e99407bd4a,603f6de0-70ee-4e88-96d7-0f9b80ec666c,419263009,Allergy to tree pollen
1999-06-13,,b6bc3c54-0ee6-4855-9060-17e99407bd4a,603f6de0-70ee-4e88-96d7-0f9b80ec666c,417532002,Allergy to fish
1993-01-15,,e33d1aea-ab38-4003-986e-e6d454d85d4c,f8f611b1-5d93-4480-a0c7-6da55649c62f,424213003,Allergy to bee venom
1993-01-15,,e33d1aea-ab38-4003-986e-e6d454d85d4c,f8f611b1-5d93-4480-a0c7-6da55649c62f,419474003,Allergy to mould
1993-01-15,,e33d1aea-ab38-4003-986e-e6d454d85d4c,f8f611b1-5d93-4480-a0c7-6da55649c62f,232350006,House dust mite allergy
1993-01-15,,e33d1aea-ab38-4003-986e-e6d454d85d4c,f8f611b1-5d93-4480-a0c7-6da55649c62f,232347008,Dander (animal) allergy
1993-01-15,,e33d1aea-ab38-4003-986e-e6d454d85d4c,f8f611b1-5d93-4480-a0c7-6da55649c62f,419263009,Allergy to tree pollen
1993-01-15,2010-06-02,e33d1aea-ab38-4003-986e-e6d454d85d4c,f8f611b1-5d93-4480-a0c7-6da55649c62f,425525006,Allergy to dairy product
1993-01-15,,e33d1aea-ab38-4003-986e-e6d454d85d4c,f8f611b1-5d93-4480-a0c7-6da55649c62f,300913006,Shellfish allergy
1993-01-15,,e33d1aea-ab38-4003-986e-e6d454d85d4c,f8f611b1-5d93-4480-a0c7-6da55649c62f,417532002,Allergy to fish
1965-10-20,,fad06c69-ab40-4c37-8592-0f89cde57111,497fbdb0-500c-463b-9f71-bab7aa773bf5,300913006,Shellfish allergy
2015-10-31,,c0a85be8-e395-41e8-9386-327cc1c23a85,7fb23f8d-f7f6-497b-852b-8bfd9d38d473,424213003,Allergy to bee venom
2015-10-31,,c0a85be8-e395-41e8-9386-327cc1c23a85,7fb23f8d-f7f6-497b-852b-8bfd9d38d473,419474003,Allergy to mould
2015-10-31,,c0a85be8-e395-41e8-9386-327cc1c23a85,7fb23f8d-f7f6-497b-852b-8bfd9d38d473,232350006,House dust mite allergy
2015-10-31,,c0a85be8-e395-41e8-9386-327cc1c23a85,7fb23f8d-f7f6-497b-852b-8bfd9d38d473,232347008,Dander (animal) allergy
2015-10-31,,c0a85be8-e395-41e8-9386-327cc1c23a85,7fb23f8d-f7f6-497b-852b-8bfd9d38d473,418689008,Allergy to grass pollen
2015-10-31,,c0a85be8-e395-41e8-9386-327cc1c23a85,7fb23f8d-f7f6-497b-852b-8bfd9d38d473,419263009,Allergy to tree pollen
2015-10-31,,c0a85be8-e395-41e8-9386-327cc1c23a85,7fb23f8d-f7f6-497b-852b-8bfd9d38d473,300913006,Shellfish allergy
1977-12-26,,870ef0ea-e8b4-4bc4-93c8-aabd550962a0,63728807-fbca-436b-ac36-d1777238b507,418689008,Allergy to grass pollen
2005-02-04,,bc66b780-f4ea-44e1-932f-25936abcbbfa,02fca193-4c15-4f9e-8be7-6981ab63f384,300916003,Latex allergy
2005-02-04,,bc66b780-f4ea-44e1-932f-25936abcbbfa,02fca193-4c15-4f9e-8be7-6981ab63f384,232347008,Dander (animal) allergy
2005-02-04,,bc66b780-f4ea-44e1-932f-25936abcbbfa,02fca193-4c15-4f9e-8be7-6981ab63f384,300913006,Shellfish allergy
1954-07-06,,c787bc94-b02b-4cb1-9eae-98bcbdf14032,25386f0b-b5e8-430a-bb4a-375e5b6c3c04,420174000,Allergy to wheat
1952-07-30,,9d9d9864-d0f1-4d30-a073-fc269d3f706c,6cc8b181-d21f-47f5-a79f-5edf2ea68cc1,300913006,Shellfish allergy
1992-01-16,,8e005c34-be6b-4b11-b9e2-80ec4197ea41,034fe3dc-135e-4452-9645-36495e7cebb8,300916003,Latex allergy
1992-01-16,,8e005c34-be6b-4b11-b9e2-80ec4197ea41,034fe3dc-135e-4452-9645-36495e7cebb8,424213003,Allergy to bee venom
1992-01-16,,8e005c34-be6b-4b11-b9e2-80ec4197ea41,034fe3dc-135e-4452-9645-36495e7cebb8,232347008,Dander (animal) allergy
1992-01-16,,8e005c34-be6b-4b11-b9e2-80ec4197ea41,034fe3dc-135e-4452-9645-36495e7cebb8,425525006,Allergy to dairy product
1992-01-16,,8e005c34-be6b-4b11-b9e2-80ec4197ea41,034fe3dc-135e-4452-9645-36495e7cebb8,91934008,Allergy to nut
1995-02-05,2013-01-15,3871b96e-4f6b-465a-bac0-9c56fdf6f594,5dc7ac0f-5f62-43c4-b3b5-8d1df8013eed,300916003,Latex allergy
1995-02-05,,3871b96e-4f6b-465a-bac0-9c56fdf6f594,5dc7ac0f-5f62-43c4-b3b5-8d1df8013eed,424213003,Allergy to bee venom
1995-02-05,,3871b96e-4f6b-465a-bac0-9c56fdf6f594,5dc7ac0f-5f62-43c4-b3b5-8d1df8013eed,419474003,Allergy to mould
1995-02-05,2011-01-29,3871b96e-4f6b-465a-bac0-9c56fdf6f594,5dc7ac0f-5f62-43c4-b3b5-8d1df8013eed,232350006,House dust mite allergy
1995-02-05,,3871b96e-4f6b-465a-bac0-9c56fdf6f594,5dc7ac0f-5f62-43c4-b3b5-8d1df8013eed,232347008,Dander (animal) allergy
1995-02-05,,3871b96e-4f6b-465a-bac0-9c56fdf6f594,5dc7ac0f-5f62-43c4-b3b5-8d1df8013eed,418689008,Allergy to grass pollen
1995-02-05,2011-01-29,3871b96e-4f6b-465a-bac0-9c56fdf6f594,5dc7ac0f-5f62-43c4-b3b5-8d1df8013eed,419263009,Allergy to tree pollen
1995-02-05,2013-01-15,3871b96e-4f6b-465a-bac0-9c56fdf6f594,5dc7ac0f-5f62-43c4-b3b5-8d1df8013eed,91930004,Allergy to eggs
1991-09-10,,b54270bd-b875-4a6b-bdd8-5a5eb5bd1c77,16c6dc85-434a-4301-b24a-6c7a644483b5,419474003,Allergy to mould
1991-09-10,,b54270bd-b875-4a6b-bdd8-5a5eb5bd1c77,16c6dc85-434a-4301-b24a-6c7a644483b5,300913006,Shellfish allergy
1979-09-23,,fb278870-6592-405c-a334-6f0ffe09efce,bcf9884f-556f-4f1b-a124-6852a271b6d5,417532002,Allergy to fish
1985-02-07,,2cb62a66-b413-4c17-b245-d25c3ff8581b,8e06e2cc-48fe-4a6b-93d0-1603bae396a3,424213003,Allergy to bee venom
1985-02-07,,2cb62a66-b413-4c17-b245-d25c3ff8581b,8e06e2cc-48fe-4a6b-93d0-1603bae396a3,300913006,Shellfish allergy
1961-10-12,,e9ffa247-05f9-40c0-9863-a679199e58cc,64e7c203-7fd3-4d45-a100-47d1e562556a,419474003,Allergy to mould
1961-10-12,,e9ffa247-05f9-40c0-9863-a679199e58cc,64e7c203-7fd3-4d45-a100-47d1e562556a,232350006,House dust mite allergy
1961-10-12,,e9ffa247-05f9-40c0-9863-a679199e58cc,64e7c203-7fd3-4d45-a100-47d1e562556a,232347008,Dander (animal) allergy
1961-10-12,,e9ffa247-05f9-40c0-9863-a679199e58cc,64e7c203-7fd3-4d45-a100-47d1e562556a,418689008,Allergy to grass pollen
1961-10-12,,e9ffa247-05f9-40c0-9863-a679199e58cc,64e7c203-7fd3-4d45-a100-47d1e562556a,419263009,Allergy to tree pollen
1961-10-12,,e9ffa247-05f9-40c0-9863-a679199e58cc,64e7c203-7fd3-4d45-a100-47d1e562556a,300913006,Shellfish allergy
2002-03-20,,3ea8ce35-3cfa-4cef-a503-cd454a458fd6,567b2972-b58d-4e9f-b0bb-04bd3857867c,424213003,Allergy to bee venom
2002-03-20,2017-11-19,3ea8ce35-3cfa-4cef-a503-cd454a458fd6,567b2972-b58d-4e9f-b0bb-04bd3857867c,419474003,Allergy to mould
2002-03-20,,3ea8ce35-3cfa-4cef-a503-cd454a458fd6,567b2972-b58d-4e9f-b0bb-04bd3857867c,232350006,House dust mite allergy
2002-03-20,2017-11-19,3ea8ce35-3cfa-4cef-a503-cd454a458fd6,567b2972-b58d-4e9f-b0bb-04bd3857867c,232347008,Dander (animal) allergy
2002-03-20,2017-11-19,3ea8ce35-3cfa-4cef-a503-cd454a458fd6,567b2972-b58d-4e9f-b0bb-04bd3857867c,418689008,Allergy to grass pollen
2002-03-20,,3ea8ce35-3cfa-4cef-a503-cd454a458fd6,567b2972-b58d-4e9f-b0bb-04bd3857867c,419263009,Allergy to tree pollen
2002-03-20,2019-02-11,3ea8ce35-3cfa-4cef-a503-cd454a458fd6,567b2972-b58d-4e9f-b0bb-04bd3857867c,420174000,Allergy to wheat
2002-03-20,,3ea8ce35-3cfa-4cef-a503-cd454a458fd6,567b2972-b58d-4e9f-b0bb-04bd3857867c,300913006,Shellfish allergy
2002-03-20,,3ea8ce35-3cfa-4cef-a503-cd454a458fd6,567b2972-b58d-4e9f-b0bb-04bd3857867c,417532002,Allergy to fish
1996-03-02,2013-05-25,f3c05d6d-6acf-439b-8b3f-9a5ecb2dfcd2,6c5a03d6-9bda-4078-af7a-9561d50a9c98,300916003,Latex allergy
1996-03-02,,f3c05d6d-6acf-439b-8b3f-9a5ecb2dfcd2,6c5a03d6-9bda-4078-af7a-9561d50a9c98,419474003,Allergy to mould
1996-03-02,2011-11-29,f3c05d6d-6acf-439b-8b3f-9a5ecb2dfcd2,6c5a03d6-9bda-4078-af7a-9561d50a9c98,232350006,House dust mite allergy
1996-03-02,2011-11-29,f3c05d6d-6acf-439b-8b3f-9a5ecb2dfcd2,6c5a03d6-9bda-4078-af7a-9561d50a9c98,232347008,Dander (animal) allergy
1996-03-02,,f3c05d6d-6acf-439b-8b3f-9a5ecb2dfcd2,6c5a03d6-9bda-4078-af7a-9561d50a9c98,419263009,Allergy to tree pollen
1996-03-02,2013-05-25,f3c05d6d-6acf-439b-8b3f-9a5ecb2dfcd2,6c5a03d6-9bda-4078-af7a-9561d50a9c98,91930004,Allergy to eggs
2003-12-10,,c8ee9a04-8db5-486e-a004-c4f73c109df1,33a9a38d-2845-4a58-b8b8-a1029bfcdd33,419474003,Allergy to mould
2003-12-10,,c8ee9a04-8db5-486e-a004-c4f73c109df1,33a9a38d-2845-4a58-b8b8-a1029bfcdd33,232350006,House dust mite allergy
2003-12-10,,c8ee9a04-8db5-486e-a004-c4f73c109df1,33a9a38d-2845-4a58-b8b8-a1029bfcdd33,232347008,Dander (animal) allergy
2003-12-10,,c8ee9a04-8db5-486e-a004-c4f73c109df1,33a9a38d-2845-4a58-b8b8-a1029bfcdd33,418689008,Allergy to grass pollen
2003-12-10,,c8ee9a04-8db5-486e-a004-c4f73c109df1,33a9a38d-2845-4a58-b8b8-a1029bfcdd33,419263009,Allergy to tree pollen
2003-12-10,,c8ee9a04-8db5-486e-a004-c4f73c109df1,33a9a38d-2845-4a58-b8b8-a1029bfcdd33,91930004,Allergy to eggs
2003-12-10,,c8ee9a04-8db5-486e-a004-c4f73c109df1,33a9a38d-2845-4a58-b8b8-a1029bfcdd33,300913006,Shellfish allergy
2003-12-10,,c8ee9a04-8db5-486e-a004-c4f73c109df1,33a9a38d-2845-4a58-b8b8-a1029bfcdd33,417532002,Allergy to fish
2017-03-09,,5d41c04a-f8e3-4e7b-b085-4a6097c3c565,6d65fe9a-43cb-4378-a75b-69f9c1885f3a,300913006,Shellfish allergy
1993-08-20,,accb37f8-d611-4d6a-9d68-a94ad0b0f57f,96b51c40-1279-4a73-8717-655ab1051034,419474003,Allergy to mould
1993-08-20,,accb37f8-d611-4d6a-9d68-a94ad0b0f57f,96b51c40-1279-4a73-8717-655ab1051034,232350006,House dust mite allergy
1993-08-20,,accb37f8-d611-4d6a-9d68-a94ad0b0f57f,96b51c40-1279-4a73-8717-655ab1051034,232347008,Dander (animal) allergy
1993-08-20,,accb37f8-d611-4d6a-9d68-a94ad0b0f57f,96b51c40-1279-4a73-8717-655ab1051034,418689008,Allergy to grass pollen
1993-08-20,,accb37f8-d611-4d6a-9d68-a94ad0b0f57f,96b51c40-1279-4a73-8717-655ab1051034,300913006,Shellfish allergy
1993-08-20,,accb37f8-d611-4d6a-9d68-a94ad0b0f57f,96b51c40-1279-4a73-8717-655ab1051034,417532002,Allergy to fish
1984-01-29,,26a613b1-9828-46d5-9ba4-12128186f4ff,0b3d12fe-b3b3-4b4e-a0d2-41399b26fc1f,419474003,Allergy to mould
1984-01-29,,26a613b1-9828-46d5-9ba4-12128186f4ff,0b3d12fe-b3b3-4b4e-a0d2-41399b26fc1f,232350006,House dust mite allergy
1984-01-29,,26a613b1-9828-46d5-9ba4-12128186f4ff,0b3d12fe-b3b3-4b4e-a0d2-41399b26fc1f,232347008,Dander (animal) allergy
1984-01-29,,26a613b1-9828-46d5-9ba4-12128186f4ff,0b3d12fe-b3b3-4b4e-a0d2-41399b26fc1f,418689008,Allergy to grass pollen
1984-01-29,,26a613b1-9828-46d5-9ba4-12128186f4ff,0b3d12fe-b3b3-4b4e-a0d2-41399b26fc1f,300913006,Shellfish allergy
1984-01-29,,26a613b1-9828-46d5-9ba4-12128186f4ff,0b3d12fe-b3b3-4b4e-a0d2-41399b26fc1f,91935009,Allergy to peanuts
1994-02-26,,d0f05f85-b2bd-4aa5-a620-f6c9eb5fbe84,f3c52033-1d21-4767-bae5-18b045ccfdfe,300913006,Shellfish allergy
1994-05-26,2010-04-20,eba596d3-9eb4-4453-a675-31a1fe1ab05a,6ecd7d10-9779-43e6-ab4d-ce8f1f40999e,300916003,Latex allergy
1994-05-26,2009-09-26,eba596d3-9eb4-4453-a675-31a1fe1ab05a,6ecd7d10-9779-43e6-ab4d-ce8f1f40999e,419474003,Allergy to mould
1994-05-26,2009-09-26,eba596d3-9eb4-4453-a675-31a1fe1ab05a,6ecd7d10-9779-43e6-ab4d-ce8f1f40999e,232350006,House dust mite allergy
1994-05-26,,eba596d3-9eb4-4453-a675-31a1fe1ab05a,6ecd7d10-9779-43e6-ab4d-ce8f1f40999e,232347008,Dander (animal) allergy
1994-05-26,2009-09-26,eba596d3-9eb4-4453-a675-31a1fe1ab05a,6ecd7d10-9779-43e6-ab4d-ce8f1f40999e,418689008,Allergy to grass pollen
1994-05-26,2009-09-26,eba596d3-9eb4-4453-a675-31a1fe1ab05a,6ecd7d10-9779-43e6-ab4d-ce8f1f40999e,419263009,Allergy to tree pollen
1994-05-26,2010-04-20,eba596d3-9eb4-4453-a675-31a1fe1ab05a,6ecd7d10-9779-43e6-ab4d-ce8f1f40999e,714035009,Allergy to soya
1994-05-26,2010-04-20,eba596d3-9eb4-4453-a675-31a1fe1ab05a,6ecd7d10-9779-43e6-ab4d-ce8f1f40999e,91930004,Allergy to eggs
1994-05-26,2010-04-20,eba596d3-9eb4-4453-a675-31a1fe1ab05a,6ecd7d10-9779-43e6-ab4d-ce8f1f40999e,420174000,Allergy to wheat
1994-05-26,,eba596d3-9eb4-4453-a675-31a1fe1ab05a,6ecd7d10-9779-43e6-ab4d-ce8f1f40999e,91934008,Allergy to nut
2012-01-01,,c6275015-333f-4e80-aea1-1d6229f34b8d,a745ff08-4111-48a2-90f3-4e0e4c5c2c03,300913006,Shellfish allergy
2008-06-17,,0607fab8-dace-408c-ac49-04cb284c7b1f,779e8ca3-e2c7-4df9-8315-7873ff3263fb,232347008,Dander (animal) allergy
2008-06-17,,0607fab8-dace-408c-ac49-04cb284c7b1f,779e8ca3-e2c7-4df9-8315-7873ff3263fb,300913006,Shellfish allergy
1989-09-27,,4e626ce8-3ff2-4b1d-a17b-9175e55a4022,ac194612-32b6-4e26-ac54-8bce9729d2ce,419474003,Allergy to mould
1989-09-27,,4e626ce8-3ff2-4b1d-a17b-9175e55a4022,ac194612-32b6-4e26-ac54-8bce9729d2ce,232350006,House dust mite allergy
1989-09-27,,4e626ce8-3ff2-4b1d-a17b-9175e55a4022,ac194612-32b6-4e26-ac54-8bce9729d2ce,418689008,Allergy to grass pollen
1969-06-30,,eebbc597-e6ac-46c2-87be-4417f3257c33,023423c5-8b07-4d46-bfa0-914bf92020c7,420174000,Allergy to wheat
1969-06-30,,eebbc597-e6ac-46c2-87be-4417f3257c33,023423c5-8b07-4d46-bfa0-914bf92020c7,300913006,Shellfish allergy
1969-02-01,,03d338b0-010c-4175-9fdd-e63134dc6aaa,610822e7-d432-4dd0-92b3-e13dd976a914,425525006,Allergy to dairy product
1995-01-31,,6dbc12ed-0924-4535-9f1b-63757178d472,6ad93744-7290-4387-9016-4f3beef566f8,419474003,Allergy to mould
1995-01-31,,6dbc12ed-0924-4535-9f1b-63757178d472,6ad93744-7290-4387-9016-4f3beef566f8,232350006,House dust mite allergy
1995-01-31,,6dbc12ed-0924-4535-9f1b-63757178d472,6ad93744-7290-4387-9016-4f3beef566f8,232347008,Dander (animal) allergy
1995-01-31,,6dbc12ed-0924-4535-9f1b-63757178d472,6ad93744-7290-4387-9016-4f3beef566f8,418689008,Allergy to grass pollen
1995-01-31,,6dbc12ed-0924-4535-9f1b-63757178d472,6ad93744-7290-4387-9016-4f3beef566f8,419263009,Allergy to tree pollen
1995-01-31,2011-10-15,6dbc12ed-0924-4535-9f1b-63757178d472,6ad93744-7290-4387-9016-4f3beef566f8,420174000,Allergy to wheat
1995-01-31,,6dbc12ed-0924-4535-9f1b-63757178d472,6ad93744-7290-4387-9016-4f3beef566f8,91935009,Allergy to peanuts
2014-03-02,,412df46a-8954-48d2-b3ff-b2e69b4e3198,0e4e958d-6ff6-4198-bd07-e3b2696a61cf,419474003,Allergy to mould
2014-03-02,,412df46a-8954-48d2-b3ff-b2e69b4e3198,0e4e958d-6ff6-4198-bd07-e3b2696a61cf,232350006,House dust mite allergy
2014-03-02,,412df46a-8954-48d2-b3ff-b2e69b4e3198,0e4e958d-6ff6-4198-bd07-e3b2696a61cf,232347008,Dander (animal) allergy
2014-03-02,,412df46a-8954-48d2-b3ff-b2e69b4e3198,0e4e958d-6ff6-4198-bd07-e3b2696a61cf,418689008,Allergy to grass pollen
2014-03-02,,412df46a-8954-48d2-b3ff-b2e69b4e3198,0e4e958d-6ff6-4198-bd07-e3b2696a61cf,419263009,Allergy to tree pollen
2014-03-02,,412df46a-8954-48d2-b3ff-b2e69b4e3198,0e4e958d-6ff6-4198-bd07-e3b2696a61cf,425525006,Allergy to dairy product
2014-03-02,,412df46a-8954-48d2-b3ff-b2e69b4e3198,0e4e958d-6ff6-4198-bd07-e3b2696a61cf,420174000,Allergy to wheat
2014-03-02,,412df46a-8954-48d2-b3ff-b2e69b4e3198,0e4e958d-6ff6-4198-bd07-e3b2696a61cf,91935009,Allergy to peanuts
1989-10-30,,a8f264dc-d595-4d4f-b36e-e41da5f097fb,9daca351-d9b5-44bc-af46-b161d085c5e8,424213003,Allergy to bee venom
1989-10-30,,a8f264dc-d595-4d4f-b36e-e41da5f097fb,9daca351-d9b5-44bc-af46-b161d085c5e8,91935009,Allergy to peanuts
1997-10-10,,24ea3a54-2d33-468f-a3e5-f28df3d2b193,ee23c9b8-432f-48af-b6e0-8dd9e8049516,419474003,Allergy to mould
1997-10-10,2013-07-08,24ea3a54-2d33-468f-a3e5-f28df3d2b193,ee23c9b8-432f-48af-b6e0-8dd9e8049516,232350006,House dust mite allergy
1997-10-10,,24ea3a54-2d33-468f-a3e5-f28df3d2b193,ee23c9b8-432f-48af-b6e0-8dd9e8049516,232347008,Dander (animal) allergy
1997-10-10,2013-07-08,24ea3a54-2d33-468f-a3e5-f28df3d2b193,ee23c9b8-432f-48af-b6e0-8dd9e8049516,418689008,Allergy to grass pollen
1997-10-10,2013-07-08,24ea3a54-2d33-468f-a3e5-f28df3d2b193,ee23c9b8-432f-48af-b6e0-8dd9e8049516,419263009,Allergy to tree pollen
1997-10-10,2014-09-27,24ea3a54-2d33-468f-a3e5-f28df3d2b193,ee23c9b8-432f-48af-b6e0-8dd9e8049516,91930004,Allergy to eggs
1997-10-10,2014-09-27,24ea3a54-2d33-468f-a3e5-f28df3d2b193,ee23c9b8-432f-48af-b6e0-8dd9e8049516,420174000,Allergy to wheat
1997-10-10,,24ea3a54-2d33-468f-a3e5-f28df3d2b193,ee23c9b8-432f-48af-b6e0-8dd9e8049516,91935009,Allergy to peanuts
1973-07-05,,3b250e64-08d1-42e5-9104-5a50d03d3804,6854c74f-f0a3-4c06-b197-cbedef135625,424213003,Allergy to bee venom
1973-07-05,,3b250e64-08d1-42e5-9104-5a50d03d3804,6854c74f-f0a3-4c06-b197-cbedef135625,418689008,Allergy to grass pollen
1973-07-05,,3b250e64-08d1-42e5-9104-5a50d03d3804,6854c74f-f0a3-4c06-b197-cbedef135625,417532002,Allergy to fish
1973-07-05,,3b250e64-08d1-42e5-9104-5a50d03d3804,6854c74f-f0a3-4c06-b197-cbedef135625,91934008,Allergy to nut
1912-09-27,,fa43d172-a4a3-40ed-9c7d-52903741235b,079f415e-28e8-4c32-8d6f-d992e7622c7c,300913006,Shellfish allergy
1998-07-28,2014-11-18,cc6726c9-7bc9-4f34-ba5d-8165aef035cb,2af5f874-9dbd-4ef9-8241-edbb1ecd72ca,300916003,Latex allergy
1998-07-28,,cc6726c9-7bc9-4f34-ba5d-8165aef035cb,2af5f874-9dbd-4ef9-8241-edbb1ecd72ca,419474003,Allergy to mould
1998-07-28,,cc6726c9-7bc9-4f34-ba5d-8165aef035cb,2af5f874-9dbd-4ef9-8241-edbb1ecd72ca,232350006,House dust mite allergy
1998-07-28,,cc6726c9-7bc9-4f34-ba5d-8165aef035cb,2af5f874-9dbd-4ef9-8241-edbb1ecd72ca,232347008,Dander (animal) allergy
1998-07-28,,cc6726c9-7bc9-4f34-ba5d-8165aef035cb,2af5f874-9dbd-4ef9-8241-edbb1ecd72ca,418689008,Allergy to grass pollen
1998-07-28,,cc6726c9-7bc9-4f34-ba5d-8165aef035cb,2af5f874-9dbd-4ef9-8241-edbb1ecd72ca,419263009,Allergy to tree pollen
1998-07-28,2014-11-18,cc6726c9-7bc9-4f34-ba5d-8165aef035cb,2af5f874-9dbd-4ef9-8241-edbb1ecd72ca,425525006,Allergy to dairy product
1964-05-02,,544e6781-0363-454f-af39-4c1ada8b335d,2b2aa1d5-47af-44ef-b4fc-883c00f9598e,420174000,Allergy to wheat
2011-06-17,,9937aa3c-1954-4177-9c1f-9648decec9c7,f262eae1-a79c-4179-bbe8-5a294bba06ee,419474003,Allergy to mould
2011-06-17,,9937aa3c-1954-4177-9c1f-9648decec9c7,f262eae1-a79c-4179-bbe8-5a294bba06ee,232350006,House dust mite allergy
2011-06-17,,9937aa3c-1954-4177-9c1f-9648decec9c7,f262eae1-a79c-4179-bbe8-5a294bba06ee,232347008,Dander (animal) allergy
2011-06-17,,9937aa3c-1954-4177-9c1f-9648decec9c7,f262eae1-a79c-4179-bbe8-5a294bba06ee,418689008,Allergy to grass pollen
2011-06-17,,9937aa3c-1954-4177-9c1f-9648decec9c7,f262eae1-a79c-4179-bbe8-5a294bba06ee,419263009,Allergy to tree pollen
2011-06-17,,9937aa3c-1954-4177-9c1f-9648decec9c7,f262eae1-a79c-4179-bbe8-5a294bba06ee,420174000,Allergy to wheat
2011-06-17,,9937aa3c-1954-4177-9c1f-9648decec9c7,f262eae1-a79c-4179-bbe8-5a294bba06ee,91935009,Allergy to peanuts
1932-12-30,,d8e18ff9-819c-4d87-bf0f-0c3892db7644,8cc538ee-9168-4d20-b9f3-177db7398e24,91935009,Allergy to peanuts
1982-03-20,,f2757502-0bd2-46bc-94dd-89e855979b40,debaa933-b016-4bac-b2c9-2556dff1d749,419474003,Allergy to mould
1982-03-20,,f2757502-0bd2-46bc-94dd-89e855979b40,debaa933-b016-4bac-b2c9-2556dff1d749,232350006,House dust mite allergy
1982-03-20,,f2757502-0bd2-46bc-94dd-89e855979b40,debaa933-b016-4bac-b2c9-2556dff1d749,232347008,Dander (animal) allergy
1982-03-20,,f2757502-0bd2-46bc-94dd-89e855979b40,debaa933-b016-4bac-b2c9-2556dff1d749,418689008,Allergy to grass pollen
1982-03-20,,f2757502-0bd2-46bc-94dd-89e855979b40,debaa933-b016-4bac-b2c9-2556dff1d749,425525006,Allergy to dairy product
1982-03-20,,f2757502-0bd2-46bc-94dd-89e855979b40,debaa933-b016-4bac-b2c9-2556dff1d749,417532002,Allergy to fish
1982-03-20,,f2757502-0bd2-46bc-94dd-89e855979b40,debaa933-b016-4bac-b2c9-2556dff1d749,91934008,Allergy to nut
1982-03-20,,f2757502-0bd2-46bc-94dd-89e855979b40,debaa933-b016-4bac-b2c9-2556dff1d749,91935009,Allergy to peanuts
1957-03-06,,155c40e8-866f-4696-9dce-6912ad2eb5f4,aaada253-94de-4b6e-b7fe-1ad7dd8827fd,424213003,Allergy to bee venom
1957-03-06,,155c40e8-866f-4696-9dce-6912ad2eb5f4,aaada253-94de-4b6e-b7fe-1ad7dd8827fd,419474003,Allergy to mould
1957-03-06,,155c40e8-866f-4696-9dce-6912ad2eb5f4,aaada253-94de-4b6e-b7fe-1ad7dd8827fd,232347008,Dander (animal) allergy
1957-03-06,,155c40e8-866f-4696-9dce-6912ad2eb5f4,aaada253-94de-4b6e-b7fe-1ad7dd8827fd,418689008,Allergy to grass pollen
1957-03-06,,155c40e8-866f-4696-9dce-6912ad2eb5f4,aaada253-94de-4b6e-b7fe-1ad7dd8827fd,419263009,Allergy to tree pollen
1957-03-06,,155c40e8-866f-4696-9dce-6912ad2eb5f4,aaada253-94de-4b6e-b7fe-1ad7dd8827fd,91930004,Allergy to eggs
1957-03-06,,155c40e8-866f-4696-9dce-6912ad2eb5f4,aaada253-94de-4b6e-b7fe-1ad7dd8827fd,91934008,Allergy to nut
1970-06-20,,54465583-d0c1-40f7-bc1b-160560fd4f63,97867ceb-fe44-44b8-a55f-60b11589330c,91930004,Allergy to eggs
2006-05-20,,252618c4-8a54-449d-b43e-5898b928ff62,c86aa5f2-a83c-4153-b403-d6278383d417,91930004,Allergy to eggs
1930-06-29,,61b1493a-8d6a-45f4-a034-d18cc4bf01af,78c7dd7d-e614-4d4f-8271-373a91d7ea30,300913006,Shellfish allergy
1999-09-26,2015-07-17,e4d6e66c-999c-4069-bba2-5cd43b7ba559,a42b5b9b-6d50-48d0-9ed2-0244893cdd41,419474003,Allergy to mould
1999-09-26,2015-07-17,e4d6e66c-999c-4069-bba2-5cd43b7ba559,a42b5b9b-6d50-48d0-9ed2-0244893cdd41,232350006,House dust mite allergy
1999-09-26,,e4d6e66c-999c-4069-bba2-5cd43b7ba559,a42b5b9b-6d50-48d0-9ed2-0244893cdd41,232347008,Dander (animal) allergy
1999-09-26,2015-07-17,e4d6e66c-999c-4069-bba2-5cd43b7ba559,a42b5b9b-6d50-48d0-9ed2-0244893cdd41,418689008,Allergy to grass pollen
1999-09-26,,e4d6e66c-999c-4069-bba2-5cd43b7ba559,a42b5b9b-6d50-48d0-9ed2-0244893cdd41,419263009,Allergy to tree pollen
1999-09-26,,e4d6e66c-999c-4069-bba2-5cd43b7ba559,a42b5b9b-6d50-48d0-9ed2-0244893cdd41,417532002,Allergy to fish
1999-09-26,,e4d6e66c-999c-4069-bba2-5cd43b7ba559,a42b5b9b-6d50-48d0-9ed2-0244893cdd41,91935009,Allergy to peanuts
1966-04-16,,9e5002f8-fbd8-41d6-b38f-8e374954adeb,4be187ef-d77c-41e0-8c3b-7a282a4fd793,419474003,Allergy to mould
1966-04-16,,9e5002f8-fbd8-41d6-b38f-8e374954adeb,4be187ef-d77c-41e0-8c3b-7a282a4fd793,91934008,Allergy to nut
1997-11-17,2013-03-16,69b8d6ad-6b70-45da-9bf8-ad0497df3d1f,7e8c874f-ca79-4b48-80ae-10e68f070695,419474003,Allergy to mould
1997-11-17,,69b8d6ad-6b70-45da-9bf8-ad0497df3d1f,7e8c874f-ca79-4b48-80ae-10e68f070695,232350006,House dust mite allergy
1997-11-17,,69b8d6ad-6b70-45da-9bf8-ad0497df3d1f,7e8c874f-ca79-4b48-80ae-10e68f070695,232347008,Dander (animal) allergy
1997-11-17,2013-03-16,69b8d6ad-6b70-45da-9bf8-ad0497df3d1f,7e8c874f-ca79-4b48-80ae-10e68f070695,418689008,Allergy to grass pollen
1997-11-17,2013-03-16,69b8d6ad-6b70-45da-9bf8-ad0497df3d1f,7e8c874f-ca79-4b48-80ae-10e68f070695,419263009,Allergy to tree pollen
1997-11-17,2015-06-11,69b8d6ad-6b70-45da-9bf8-ad0497df3d1f,7e8c874f-ca79-4b48-80ae-10e68f070695,425525006,Allergy to dairy product
1997-11-17,2015-06-11,69b8d6ad-6b70-45da-9bf8-ad0497df3d1f,7e8c874f-ca79-4b48-80ae-10e68f070695,91930004,Allergy to eggs
1997-11-17,,69b8d6ad-6b70-45da-9bf8-ad0497df3d1f,7e8c874f-ca79-4b48-80ae-10e68f070695,417532002,Allergy to fish
1958-05-30,,02ce1ed7-2885-4ed8-86cd-d66aaf7d1c7a,d0d1c895-72fd-4c8d-a98d-ab233690bd11,418689008,Allergy to grass pollen
1958-05-30,,02ce1ed7-2885-4ed8-86cd-d66aaf7d1c7a,d0d1c895-72fd-4c8d-a98d-ab233690bd11,91930004,Allergy to eggs
2011-12-08,,cfe27a67-7789-460a-b714-f895ba3492b6,986b0764-bd8e-49b6-af5c-a3d1fa7c3965,419474003,Allergy to mould
2011-12-08,,cfe27a67-7789-460a-b714-f895ba3492b6,986b0764-bd8e-49b6-af5c-a3d1fa7c3965,232347008,Dander (animal) allergy
2011-12-08,,cfe27a67-7789-460a-b714-f895ba3492b6,986b0764-bd8e-49b6-af5c-a3d1fa7c3965,418689008,Allergy to grass pollen
2011-12-08,,cfe27a67-7789-460a-b714-f895ba3492b6,986b0764-bd8e-49b6-af5c-a3d1fa7c3965,419263009,Allergy to tree pollen
2011-12-08,,cfe27a67-7789-460a-b714-f895ba3492b6,986b0764-bd8e-49b6-af5c-a3d1fa7c3965,91935009,Allergy to peanuts
1985-09-13,,0141bae5-c190-4e83-aab0-eed8dc2e91bd,acf6725e-23ea-4e10-a1f6-d8e2196d51fb,300916003,Latex allergy
1985-09-13,,0141bae5-c190-4e83-aab0-eed8dc2e91bd,acf6725e-23ea-4e10-a1f6-d8e2196d51fb,424213003,Allergy to bee venom
1985-09-13,,0141bae5-c190-4e83-aab0-eed8dc2e91bd,acf6725e-23ea-4e10-a1f6-d8e2196d51fb,419474003,Allergy to mould
1985-09-13,,0141bae5-c190-4e83-aab0-eed8dc2e91bd,acf6725e-23ea-4e10-a1f6-d8e2196d51fb,232350006,House dust mite allergy
1985-09-13,,0141bae5-c190-4e83-aab0-eed8dc2e91bd,acf6725e-23ea-4e10-a1f6-d8e2196d51fb,232347008,Dander (animal) allergy
1985-09-13,,0141bae5-c190-4e83-aab0-eed8dc2e91bd,acf6725e-23ea-4e10-a1f6-d8e2196d51fb,419263009,Allergy to tree pollen
2009-02-15,,cebfb01f-129f-4f57-a174-9a455d4f20ce,485c2b4c-d76f-40ff-be27-c9675a07a24d,232347008,Dander (animal) allergy
2010-06-22,,0bd855dc-2742-4414-aa2b-6c14593ba242,1d5890f2-5316-4cf6-8129-73e679522c7f,419474003,Allergy to mould
2010-06-22,,0bd855dc-2742-4414-aa2b-6c14593ba242,1d5890f2-5316-4cf6-8129-73e679522c7f,232350006,House dust mite allergy
2010-06-22,,0bd855dc-2742-4414-aa2b-6c14593ba242,1d5890f2-5316-4cf6-8129-73e679522c7f,232347008,Dander (animal) allergy
2010-06-22,,0bd855dc-2742-4414-aa2b-6c14593ba242,1d5890f2-5316-4cf6-8129-73e679522c7f,418689008,Allergy to grass pollen
2010-06-22,,0bd855dc-2742-4414-aa2b-6c14593ba242,1d5890f2-5316-4cf6-8129-73e679522c7f,419263009,Allergy to tree pollen
2010-06-22,,0bd855dc-2742-4414-aa2b-6c14593ba242,1d5890f2-5316-4cf6-8129-73e679522c7f,425525006,Allergy to dairy product
2010-06-22,,0bd855dc-2742-4414-aa2b-6c14593ba242,1d5890f2-5316-4cf6-8129-73e679522c7f,91935009,Allergy to peanuts
2011-06-30,,acc4f3e9-f22c-41db-bf80-1c2b5b5b1a74,52a1a2d9-f574-481e-a420-5e66add0ace9,300916003,Latex allergy
1985-02-04,,6ddf4ca2-b2bc-4a29-950f-f2d4c3d89176,5156a82a-04b9-41e0-bd1a-fe5f04bda01c,417532002,Allergy to fish
1990-04-26,,8f21ab9e-54b4-4a22-b502-580576863410,f3b630d6-6020-4e6c-bb69-32e58488b052,419474003,Allergy to mould
1990-04-26,,8f21ab9e-54b4-4a22-b502-580576863410,f3b630d6-6020-4e6c-bb69-32e58488b052,91930004,Allergy to eggs
1958-06-08,,5a077c5e-4493-49e6-93b5-dda18fabac74,09062aa7-13f1-4a01-9eed-50f758272295,300916003,Latex allergy
1958-06-08,,5a077c5e-4493-49e6-93b5-dda18fabac74,09062aa7-13f1-4a01-9eed-50f758272295,419263009,Allergy to tree pollen
1995-09-28,,96cdfe34-9b06-4ce2-8cc6-454df43b8ebe,3e7d851f-e1f0-486d-96ec-b9f0423bbf35,300916003,Latex allergy
1995-09-28,,96cdfe34-9b06-4ce2-8cc6-454df43b8ebe,3e7d851f-e1f0-486d-96ec-b9f0423bbf35,419474003,Allergy to mould
1995-09-28,,96cdfe34-9b06-4ce2-8cc6-454df43b8ebe,3e7d851f-e1f0-486d-96ec-b9f0423bbf35,232350006,House dust mite allergy
1995-09-28,,96cdfe34-9b06-4ce2-8cc6-454df43b8ebe,3e7d851f-e1f0-486d-96ec-b9f0423bbf35,232347008,Dander (animal) allergy
1995-09-28,,96cdfe34-9b06-4ce2-8cc6-454df43b8ebe,3e7d851f-e1f0-486d-96ec-b9f0423bbf35,418689008,Allergy to grass pollen
1995-09-28,,96cdfe34-9b06-4ce2-8cc6-454df43b8ebe,3e7d851f-e1f0-486d-96ec-b9f0423bbf35,419263009,Allergy to tree pollen
1995-09-28,2011-10-26,96cdfe34-9b06-4ce2-8cc6-454df43b8ebe,3e7d851f-e1f0-486d-96ec-b9f0423bbf35,91930004,Allergy to eggs
1995-09-28,,96cdfe34-9b06-4ce2-8cc6-454df43b8ebe,3e7d851f-e1f0-486d-96ec-b9f0423bbf35,417532002,Allergy to fish
1995-09-28,,96cdfe34-9b06-4ce2-8cc6-454df43b8ebe,3e7d851f-e1f0-486d-96ec-b9f0423bbf35,91935009,Allergy to peanuts
2001-06-04,2016-08-04,632b99a0-9751-431b-b5a5-2c3cf3740b38,17965e72-90ea-43dd-9f23-a5b8f4208eef,419474003,Allergy to mould
2001-06-04,2016-08-04,632b99a0-9751-431b-b5a5-2c3cf3740b38,17965e72-90ea-43dd-9f23-a5b8f4208eef,232350006,House dust mite allergy
2001-06-04,2016-08-04,632b99a0-9751-431b-b5a5-2c3cf3740b38,17965e72-90ea-43dd-9f23-a5b8f4208eef,232347008,Dander (animal) allergy
2001-06-04,2016-08-04,632b99a0-9751-431b-b5a5-2c3cf3740b38,17965e72-90ea-43dd-9f23-a5b8f4208eef,418689008,Allergy to grass pollen
2001-06-04,2017-09-24,632b99a0-9751-431b-b5a5-2c3cf3740b38,17965e72-90ea-43dd-9f23-a5b8f4208eef,91930004,Allergy to eggs
2001-06-04,,632b99a0-9751-431b-b5a5-2c3cf3740b38,17965e72-90ea-43dd-9f23-a5b8f4208eef,300913006,Shellfish allergy
2001-06-04,,632b99a0-9751-431b-b5a5-2c3cf3740b38,17965e72-90ea-43dd-9f23-a5b8f4208eef,91934008,Allergy to nut
1992-06-18,,92367247-d6d3-4a82-8969-5c6c304842db,cce1ae0a-3644-45bc-bc24-3c13c20812f9,419474003,Allergy to mould
1992-06-18,,92367247-d6d3-4a82-8969-5c6c304842db,cce1ae0a-3644-45bc-bc24-3c13c20812f9,232350006,House dust mite allergy
1992-06-18,,92367247-d6d3-4a82-8969-5c6c304842db,cce1ae0a-3644-45bc-bc24-3c13c20812f9,232347008,Dander (animal) allergy
1992-06-18,,92367247-d6d3-4a82-8969-5c6c304842db,cce1ae0a-3644-45bc-bc24-3c13c20812f9,418689008,Allergy to grass pollen
1992-06-18,,92367247-d6d3-4a82-8969-5c6c304842db,cce1ae0a-3644-45bc-bc24-3c13c20812f9,419263009,Allergy to tree pollen
1992-06-18,,92367247-d6d3-4a82-8969-5c6c304842db,cce1ae0a-3644-45bc-bc24-3c13c20812f9,714035009,Allergy to soya
1988-08-01,,aeee52cc-c168-45c0-9c13-073d4feedd33,08f4454b-edd5-4582-914e-60d69073e2a9,424213003,Allergy to bee venom
1988-08-01,,aeee52cc-c168-45c0-9c13-073d4feedd33,08f4454b-edd5-4582-914e-60d69073e2a9,232350006,House dust mite allergy
1988-08-01,,aeee52cc-c168-45c0-9c13-073d4feedd33,08f4454b-edd5-4582-914e-60d69073e2a9,91934008,Allergy to nut
1988-08-01,,aeee52cc-c168-45c0-9c13-073d4feedd33,08f4454b-edd5-4582-914e-60d69073e2a9,91935009,Allergy to peanuts
1968-12-02,,bfe81bd4-dc12-4803-834d-944001e30ed8,26bcb511-b841-499e-9393-61e552674c08,419474003,Allergy to mould
1968-12-02,,bfe81bd4-dc12-4803-834d-944001e30ed8,26bcb511-b841-499e-9393-61e552674c08,418689008,Allergy to grass pollen
1995-04-13,,0a57360f-abff-4b21-9810-0bdcc337c4da,fdd25734-9946-4fba-a826-c026bfe0d7b7,91935009,Allergy to peanuts
1993-10-19,,e2b741fc-9d11-4d2d-ac26-a1c18ed9176d,e8d00435-69c2-4b0e-8649-250e77982fb8,424213003,Allergy to bee venom
1993-10-19,,e2b741fc-9d11-4d2d-ac26-a1c18ed9176d,e8d00435-69c2-4b0e-8649-250e77982fb8,419474003,Allergy to mould
1993-10-19,,e2b741fc-9d11-4d2d-ac26-a1c18ed9176d,e8d00435-69c2-4b0e-8649-250e77982fb8,232350006,House dust mite allergy
1993-10-19,2009-06-19,e2b741fc-9d11-4d2d-ac26-a1c18ed9176d,e8d00435-69c2-4b0e-8649-250e77982fb8,232347008,Dander (animal) allergy
1993-10-19,2009-06-19,e2b741fc-9d11-4d2d-ac26-a1c18ed9176d,e8d00435-69c2-4b0e-8649-250e77982fb8,418689008,Allergy to grass pollen
1993-10-19,,e2b741fc-9d11-4d2d-ac26-a1c18ed9176d,e8d00435-69c2-4b0e-8649-250e77982fb8,425525006,Allergy to dairy product
1993-10-19,,e2b741fc-9d11-4d2d-ac26-a1c18ed9176d,e8d00435-69c2-4b0e-8649-250e77982fb8,420174000,Allergy to wheat
1942-11-03,,9a3c16ab-6f60-4010-85b9-7190b6a3713b,b44efa83-628d-4ce0-a424-f086507614c7,424213003,Allergy to bee venom
1942-11-03,,9a3c16ab-6f60-4010-85b9-7190b6a3713b,b44efa83-628d-4ce0-a424-f086507614c7,232350006,House dust mite allergy
1942-11-03,,9a3c16ab-6f60-4010-85b9-7190b6a3713b,b44efa83-628d-4ce0-a424-f086507614c7,91934008,Allergy to nut
2013-10-01,,211474b3-58c6-4381-8ea0-37c947fe2d0f,b7df1fa3-9447-40bb-a30d-75e0dbd6b10d,419263009,Allergy to tree pollen
2013-10-01,,211474b3-58c6-4381-8ea0-37c947fe2d0f,b7df1fa3-9447-40bb-a30d-75e0dbd6b10d,300913006,Shellfish allergy
1976-10-23,,d99a9a7b-29f8-402e-a0c6-94931f20710e,f4760cc1-58b5-4263-b498-b2f17ded34bd,419474003,Allergy to mould
1976-10-23,,d99a9a7b-29f8-402e-a0c6-94931f20710e,f4760cc1-58b5-4263-b498-b2f17ded34bd,232350006,House dust mite allergy
1976-10-23,,d99a9a7b-29f8-402e-a0c6-94931f20710e,f4760cc1-58b5-4263-b498-b2f17ded34bd,425525006,Allergy to dairy product
1976-10-23,,d99a9a7b-29f8-402e-a0c6-94931f20710e,f4760cc1-58b5-4263-b498-b2f17ded34bd,91930004,Allergy to eggs
1998-08-24,,da1bdeb6-c7ac-46cd-b126-2118ffb442bd,152e9caf-ebb6-4364-9f81-f5b33382e1b3,419263009,Allergy to tree pollen
1998-08-24,,da1bdeb6-c7ac-46cd-b126-2118ffb442bd,152e9caf-ebb6-4364-9f81-f5b33382e1b3,91934008,Allergy to nut
1981-03-13,,c3be32d0-c28b-4588-af98-9d1e296df7e0,384fbeb6-25d3-49e3-b6d0-d0b4b333d570,91935009,Allergy to peanuts
2018-08-02,,36eeba85-e277-4a24-aee7-9676f3f85d72,838bc0fe-bbc0-444d-8233-4fdaf0b02765,419474003,Allergy to mould
2018-08-02,,36eeba85-e277-4a24-aee7-9676f3f85d72,838bc0fe-bbc0-444d-8233-4fdaf0b02765,232350006,House dust mite allergy
2018-08-02,,36eeba85-e277-4a24-aee7-9676f3f85d72,838bc0fe-bbc0-444d-8233-4fdaf0b02765,232347008,Dander (animal) allergy
2018-08-02,,36eeba85-e277-4a24-aee7-9676f3f85d72,838bc0fe-bbc0-444d-8233-4fdaf0b02765,418689008,Allergy to grass pollen
2018-08-02,,36eeba85-e277-4a24-aee7-9676f3f85d72,838bc0fe-bbc0-444d-8233-4fdaf0b02765,420174000,Allergy to wheat
2018-08-02,,36eeba85-e277-4a24-aee7-9676f3f85d72,838bc0fe-bbc0-444d-8233-4fdaf0b02765,300913006,Shellfish allergy
1934-09-30,,6c22db0f-20ce-4c02-b9c4-16af65d9769a,2bc2d9c5-0842-4a30-b6e8-42e191113972,419263009,Allergy to tree pollen
2006-03-28,,8ebeea2b-efb2-435c-bc71-0ce54dbaf8c0,5f7c1414-4405-4ffd-bd0d-11900982321d,419474003,Allergy to mould
2006-03-28,,8ebeea2b-efb2-435c-bc71-0ce54dbaf8c0,5f7c1414-4405-4ffd-bd0d-11900982321d,300913006,Shellfish allergy
1962-10-09,,9d258ab6-f2ab-4371-b41b-fc7910543fbd,25f91d94-8ff3-4df9-a0e5-3532e3273690,419474003,Allergy to mould
1962-10-09,,9d258ab6-f2ab-4371-b41b-fc7910543fbd,25f91d94-8ff3-4df9-a0e5-3532e3273690,232350006,House dust mite allergy
1962-10-09,,9d258ab6-f2ab-4371-b41b-fc7910543fbd,25f91d94-8ff3-4df9-a0e5-3532e3273690,232347008,Dander (animal) allergy
1962-10-09,,9d258ab6-f2ab-4371-b41b-fc7910543fbd,25f91d94-8ff3-4df9-a0e5-3532e3273690,418689008,Allergy to grass pollen
1962-10-09,,9d258ab6-f2ab-4371-b41b-fc7910543fbd,25f91d94-8ff3-4df9-a0e5-3532e3273690,419263009,Allergy to tree pollen
1968-07-05,,86be7293-5a91-48a4-a73f-0880be655fac,6d468254-fa88-4aa8-80bf-cd0e98689cfb,419474003,Allergy to mould
1968-07-05,,86be7293-5a91-48a4-a73f-0880be655fac,6d468254-fa88-4aa8-80bf-cd0e98689cfb,232347008,Dander (animal) allergy
1968-07-05,,86be7293-5a91-48a4-a73f-0880be655fac,6d468254-fa88-4aa8-80bf-cd0e98689cfb,418689008,Allergy to grass pollen
1968-07-05,,86be7293-5a91-48a4-a73f-0880be655fac,6d468254-fa88-4aa8-80bf-cd0e98689cfb,419263009,Allergy to tree pollen
1968-07-05,,86be7293-5a91-48a4-a73f-0880be655fac,6d468254-fa88-4aa8-80bf-cd0e98689cfb,91935009,Allergy to peanuts
1979-11-27,,2b9ac119-7c56-4f6c-8af4-85694db2a1f9,4f45c332-9ea5-4b22-8968-5949e56363e6,232350006,House dust mite allergy
1979-11-27,,2b9ac119-7c56-4f6c-8af4-85694db2a1f9,4f45c332-9ea5-4b22-8968-5949e56363e6,232347008,Dander (animal) allergy
1979-11-27,,2b9ac119-7c56-4f6c-8af4-85694db2a1f9,4f45c332-9ea5-4b22-8968-5949e56363e6,425525006,Allergy to dairy product
1979-11-27,,2b9ac119-7c56-4f6c-8af4-85694db2a1f9,4f45c332-9ea5-4b22-8968-5949e56363e6,714035009,Allergy to soya
1979-11-27,,2b9ac119-7c56-4f6c-8af4-85694db2a1f9,4f45c332-9ea5-4b22-8968-5949e56363e6,300913006,Shellfish allergy
1966-01-31,,62f16cb9-9209-4e8f-be2d-66586815f418,6624b97e-c940-4c89-b588-29634968574e,300916003,Latex allergy
1966-01-31,,62f16cb9-9209-4e8f-be2d-66586815f418,6624b97e-c940-4c89-b588-29634968574e,232347008,Dander (animal) allergy
1966-01-31,,62f16cb9-9209-4e8f-be2d-66586815f418,6624b97e-c940-4c89-b588-29634968574e,418689008,Allergy to grass pollen
1966-01-31,,62f16cb9-9209-4e8f-be2d-66586815f418,6624b97e-c940-4c89-b588-29634968574e,419263009,Allergy to tree pollen
1966-01-31,,62f16cb9-9209-4e8f-be2d-66586815f418,6624b97e-c940-4c89-b588-29634968574e,91930004,Allergy to eggs
1943-12-19,,d797821f-49cc-4c27-95fd-7ef8b8f3f8f9,a147c662-7c3d-4003-80ad-badbfeca8479,300913006,Shellfish allergy
1956-06-14,,2e022503-cc5c-42cb-a759-238caebededf,28efc418-4dde-40ee-bbca-4b688c95ad50,232347008,Dander (animal) allergy
1939-10-30,,f2914d21-e9fc-4a0c-93be-377a14b4226e,d4120f51-6531-495b-8457-4fb9da1e6e04,300913006,Shellfish allergy
1976-07-24,,30a20dec-dee7-4407-b46d-777eef231a9c,2baa102b-9c9e-4812-b865-f7d8e0cb4908,300916003,Latex allergy
1976-07-24,,30a20dec-dee7-4407-b46d-777eef231a9c,2baa102b-9c9e-4812-b865-f7d8e0cb4908,418689008,Allergy to grass pollen
1976-07-24,,30a20dec-dee7-4407-b46d-777eef231a9c,2baa102b-9c9e-4812-b865-f7d8e0cb4908,91935009,Allergy to peanuts
1925-09-17,,3f78b9f3-94f0-41db-89d8-22cc1c225e07,2ed5b4b4-bef3-4430-bc9e-17b5907260a1,300913006,Shellfish allergy
2001-10-02,,fe6de82c-9754-464f-8891-d3ea699407da,d46053fb-6400-4759-bc9a-0df6d873f724,424213003,Allergy to bee venom
2001-10-02,,fe6de82c-9754-464f-8891-d3ea699407da,d46053fb-6400-4759-bc9a-0df6d873f724,419474003,Allergy to mould
2001-10-02,,fe6de82c-9754-464f-8891-d3ea699407da,d46053fb-6400-4759-bc9a-0df6d873f724,232350006,House dust mite allergy
2001-10-02,,fe6de82c-9754-464f-8891-d3ea699407da,d46053fb-6400-4759-bc9a-0df6d873f724,232347008,Dander (animal) allergy
2001-10-02,,fe6de82c-9754-464f-8891-d3ea699407da,d46053fb-6400-4759-bc9a-0df6d873f724,418689008,Allergy to grass pollen
2001-10-02,,fe6de82c-9754-464f-8891-d3ea699407da,d46053fb-6400-4759-bc9a-0df6d873f724,419263009,Allergy to tree pollen
2001-10-02,2017-11-30,fe6de82c-9754-464f-8891-d3ea699407da,d46053fb-6400-4759-bc9a-0df6d873f724,425525006,Allergy to dairy product
2001-10-02,2017-11-30,fe6de82c-9754-464f-8891-d3ea699407da,d46053fb-6400-4759-bc9a-0df6d873f724,420174000,Allergy to wheat
2008-04-19,,2b1078f2-0d19-42a5-a53c-849074e664dc,d99d93a1-5fef-4341-a77c-95109eab5f09,419474003,Allergy to mould
2008-04-19,,2b1078f2-0d19-42a5-a53c-849074e664dc,d99d93a1-5fef-4341-a77c-95109eab5f09,232350006,House dust mite allergy
2008-04-19,,2b1078f2-0d19-42a5-a53c-849074e664dc,d99d93a1-5fef-4341-a77c-95109eab5f09,232347008,Dander (animal) allergy
2008-04-19,,2b1078f2-0d19-42a5-a53c-849074e664dc,d99d93a1-5fef-4341-a77c-95109eab5f09,418689008,Allergy to grass pollen
2008-04-19,,2b1078f2-0d19-42a5-a53c-849074e664dc,d99d93a1-5fef-4341-a77c-95109eab5f09,420174000,Allergy to wheat
2008-04-19,,2b1078f2-0d19-42a5-a53c-849074e664dc,d99d93a1-5fef-4341-a77c-95109eab5f09,300913006,Shellfish allergy
2016-01-27,,1f59a114-cf4f-4a49-b8a4-a24cafb0ddc4,4222076c-9a5e-4774-b80d-d840e91caf8b,419474003,Allergy to mould
2016-01-27,,1f59a114-cf4f-4a49-b8a4-a24cafb0ddc4,4222076c-9a5e-4774-b80d-d840e91caf8b,232350006,House dust mite allergy
2016-01-27,,1f59a114-cf4f-4a49-b8a4-a24cafb0ddc4,4222076c-9a5e-4774-b80d-d840e91caf8b,232347008,Dander (animal) allergy
2016-01-27,,1f59a114-cf4f-4a49-b8a4-a24cafb0ddc4,4222076c-9a5e-4774-b80d-d840e91caf8b,419263009,Allergy to tree pollen
2016-01-27,,1f59a114-cf4f-4a49-b8a4-a24cafb0ddc4,4222076c-9a5e-4774-b80d-d840e91caf8b,420174000,Allergy to wheat
2016-01-27,,1f59a114-cf4f-4a49-b8a4-a24cafb0ddc4,4222076c-9a5e-4774-b80d-d840e91caf8b,300913006,Shellfish allergy
2016-01-27,,1f59a114-cf4f-4a49-b8a4-a24cafb0ddc4,4222076c-9a5e-4774-b80d-d840e91caf8b,417532002,Allergy to fish
2016-01-27,,1f59a114-cf4f-4a49-b8a4-a24cafb0ddc4,4222076c-9a5e-4774-b80d-d840e91caf8b,91935009,Allergy to peanuts
2018-12-07,,4ac53982-11e8-43e2-b885-01a555b21ba0,b763c4c8-bc91-46a0-91e3-66ab5f03b8d6,419474003,Allergy to mould
1949-04-20,,1ef3b228-22fe-412c-80d1-81a4e1ea4291,1550db60-a10b-4ec2-8508-6fbde31a2998,419474003,Allergy to mould
1949-04-20,,1ef3b228-22fe-412c-80d1-81a4e1ea4291,1550db60-a10b-4ec2-8508-6fbde31a2998,232350006,House dust mite allergy
1949-04-20,,1ef3b228-22fe-412c-80d1-81a4e1ea4291,1550db60-a10b-4ec2-8508-6fbde31a2998,232347008,Dander (animal) allergy
1949-04-20,,1ef3b228-22fe-412c-80d1-81a4e1ea4291,1550db60-a10b-4ec2-8508-6fbde31a2998,418689008,Allergy to grass pollen
1949-04-20,,1ef3b228-22fe-412c-80d1-81a4e1ea4291,1550db60-a10b-4ec2-8508-6fbde31a2998,420174000,Allergy to wheat
1949-04-20,,1ef3b228-22fe-412c-80d1-81a4e1ea4291,1550db60-a10b-4ec2-8508-6fbde31a2998,91935009,Allergy to peanuts
1988-10-20,,1909aa40-7371-4b16-9762-e52db1abf33f,f010cc7d-a74e-4005-abb1-555bcf1db03a,300913006,Shellfish allergy
1987-01-13,,4856e469-3e59-480b-9856-254c5fe19ee9,f8989d67-256e-4a34-9f3f-8b2c12e8fb75,424213003,Allergy to bee venom
1987-01-13,,4856e469-3e59-480b-9856-254c5fe19ee9,f8989d67-256e-4a34-9f3f-8b2c12e8fb75,419474003,Allergy to mould
1987-01-13,,4856e469-3e59-480b-9856-254c5fe19ee9,f8989d67-256e-4a34-9f3f-8b2c12e8fb75,232350006,House dust mite allergy
1981-11-21,,7542f651-269e-4a46-8b43-4e18e2743315,cac37754-39dd-46f4-92f1-7d2b0a4c58bc,232347008,Dander (animal) allergy
1981-11-21,,7542f651-269e-4a46-8b43-4e18e2743315,cac37754-39dd-46f4-92f1-7d2b0a4c58bc,300913006,Shellfish allergy
1964-10-23,,5b33364b-7c79-401a-a0e0-fbad5f7de107,cac2b831-d7d2-4b88-8760-47c01a29f0ea,300913006,Shellfish allergy
1973-04-25,,c5844da4-e58b-49bd-ac24-6a2462b1cff5,f26fe8ef-9d3b-4364-937a-9570a550f81f,419263009,Allergy to tree pollen
1973-04-25,,c5844da4-e58b-49bd-ac24-6a2462b1cff5,f26fe8ef-9d3b-4364-937a-9570a550f81f,417532002,Allergy to fish
2016-03-12,,86ab25b4-16f7-4d97-b2df-381bda1f6a1d,1697bc32-51f2-48e3-a98d-03eeeaeaa96b,417532002,Allergy to fish
2004-07-31,,f1f93a83-1282-4f39-a53e-c557e9665d4b,1a23daed-d6c3-4e2d-bb87-cc4ceb192351,300916003,Latex allergy
2004-07-31,,f1f93a83-1282-4f39-a53e-c557e9665d4b,1a23daed-d6c3-4e2d-bb87-cc4ceb192351,419474003,Allergy to mould
2004-07-31,,f1f93a83-1282-4f39-a53e-c557e9665d4b,1a23daed-d6c3-4e2d-bb87-cc4ceb192351,232350006,House dust mite allergy
2004-07-31,,f1f93a83-1282-4f39-a53e-c557e9665d4b,1a23daed-d6c3-4e2d-bb87-cc4ceb192351,232347008,Dander (animal) allergy
2004-07-31,,f1f93a83-1282-4f39-a53e-c557e9665d4b,1a23daed-d6c3-4e2d-bb87-cc4ceb192351,418689008,Allergy to grass pollen
2004-07-31,,f1f93a83-1282-4f39-a53e-c557e9665d4b,1a23daed-d6c3-4e2d-bb87-cc4ceb192351,419263009,Allergy to tree pollen
2004-07-31,,f1f93a83-1282-4f39-a53e-c557e9665d4b,1a23daed-d6c3-4e2d-bb87-cc4ceb192351,420174000,Allergy to wheat
2004-07-31,,f1f93a83-1282-4f39-a53e-c557e9665d4b,1a23daed-d6c3-4e2d-bb87-cc4ceb192351,417532002,Allergy to fish
2004-07-31,,f1f93a83-1282-4f39-a53e-c557e9665d4b,1a23daed-d6c3-4e2d-bb87-cc4ceb192351,91934008,Allergy to nut
1972-02-16,,704964c1-b017-44f3-beff-cec65ceec9d6,b2213d0d-25b6-4db4-b5c9-eb307b7c4d89,419474003,Allergy to mould
1972-02-16,,704964c1-b017-44f3-beff-cec65ceec9d6,b2213d0d-25b6-4db4-b5c9-eb307b7c4d89,91934008,Allergy to nut
1992-05-01,2009-09-13,8fe8c6c0-0320-4e1f-a532-25c8a69c342e,9d1d99e3-b58b-4b34-8676-a3179ffafad8,300916003,Latex allergy
1992-05-01,2009-09-13,8fe8c6c0-0320-4e1f-a532-25c8a69c342e,9d1d99e3-b58b-4b34-8676-a3179ffafad8,714035009,Allergy to soya
1955-03-02,,6886ec6a-3249-43fd-be97-e86c01c57d9c,e1b79c48-a434-4c3e-ba86-5452129d236a,91934008,Allergy to nut
1955-03-02,,6886ec6a-3249-43fd-be97-e86c01c57d9c,e1b79c48-a434-4c3e-ba86-5452129d236a,91935009,Allergy to peanuts
2006-06-22,,e94aa5c0-cad9-4f96-a0a5-78b47cd03c08,c8d02243-a8c7-4cef-a1cc-84a4dcb1eb1c,419474003,Allergy to mould
2006-06-22,,e94aa5c0-cad9-4f96-a0a5-78b47cd03c08,c8d02243-a8c7-4cef-a1cc-84a4dcb1eb1c,232350006,House dust mite allergy
2006-06-22,,e94aa5c0-cad9-4f96-a0a5-78b47cd03c08,c8d02243-a8c7-4cef-a1cc-84a4dcb1eb1c,232347008,Dander (animal) allergy
2006-06-22,,e94aa5c0-cad9-4f96-a0a5-78b47cd03c08,c8d02243-a8c7-4cef-a1cc-84a4dcb1eb1c,418689008,Allergy to grass pollen
2006-06-22,,e94aa5c0-cad9-4f96-a0a5-78b47cd03c08,c8d02243-a8c7-4cef-a1cc-84a4dcb1eb1c,419263009,Allergy to tree pollen
2006-06-22,,e94aa5c0-cad9-4f96-a0a5-78b47cd03c08,c8d02243-a8c7-4cef-a1cc-84a4dcb1eb1c,91934008,Allergy to nut
1997-08-20,,86b3926c-02b7-46ad-aa3d-dd0de8f9632f,4ea6e652-0392-4297-b3b0-50bb518517aa,419474003,Allergy to mould
1997-08-20,,86b3926c-02b7-46ad-aa3d-dd0de8f9632f,4ea6e652-0392-4297-b3b0-50bb518517aa,232347008,Dander (animal) allergy
1997-08-20,,86b3926c-02b7-46ad-aa3d-dd0de8f9632f,4ea6e652-0392-4297-b3b0-50bb518517aa,418689008,Allergy to grass pollen
1997-08-20,,86b3926c-02b7-46ad-aa3d-dd0de8f9632f,4ea6e652-0392-4297-b3b0-50bb518517aa,419263009,Allergy to tree pollen
1997-08-20,2014-06-15,86b3926c-02b7-46ad-aa3d-dd0de8f9632f,4ea6e652-0392-4297-b3b0-50bb518517aa,91930004,Allergy to eggs
1997-08-20,,86b3926c-02b7-46ad-aa3d-dd0de8f9632f,4ea6e652-0392-4297-b3b0-50bb518517aa,417532002,Allergy to fish
1997-08-20,,86b3926c-02b7-46ad-aa3d-dd0de8f9632f,4ea6e652-0392-4297-b3b0-50bb518517aa,91934008,Allergy to nut
2013-04-30,,2b9def45-cb36-4141-8e08-8dedd712c468,251dc086-2932-41af-a459-2806d7af3d9b,419474003,Allergy to mould
1996-10-19,2013-12-11,1a6c6972-d72a-4c08-9f8b-9e311396957a,abf7d60e-9f5d-46f5-9490-852a4ad9dae2,714035009,Allergy to soya
1946-12-04,,45ce8795-9992-459e-a888-3a525c26972d,a86ae89b-a5c2-4867-9107-a078d39a80a8,418689008,Allergy to grass pollen
2009-06-29,,8962e0fe-1d35-409d-a9df-5c066d732514,e361f742-3543-4071-9cbd-6267179629a3,419474003,Allergy to mould
2009-06-29,,8962e0fe-1d35-409d-a9df-5c066d732514,e361f742-3543-4071-9cbd-6267179629a3,300913006,Shellfish allergy
1993-03-26,,eaf4c6be-6a33-4cb0-975f-c124dc1b8e0a,57896233-4c7f-4085-a095-0acfa290329a,300916003,Latex allergy
1993-03-26,,eaf4c6be-6a33-4cb0-975f-c124dc1b8e0a,57896233-4c7f-4085-a095-0acfa290329a,419474003,Allergy to mould
1993-03-26,,eaf4c6be-6a33-4cb0-975f-c124dc1b8e0a,57896233-4c7f-4085-a095-0acfa290329a,232350006,House dust mite allergy
1993-03-26,,eaf4c6be-6a33-4cb0-975f-c124dc1b8e0a,57896233-4c7f-4085-a095-0acfa290329a,232347008,Dander (animal) allergy
1993-03-26,,eaf4c6be-6a33-4cb0-975f-c124dc1b8e0a,57896233-4c7f-4085-a095-0acfa290329a,418689008,Allergy to grass pollen
1993-03-26,,eaf4c6be-6a33-4cb0-975f-c124dc1b8e0a,57896233-4c7f-4085-a095-0acfa290329a,419263009,Allergy to tree pollen
1993-03-26,,eaf4c6be-6a33-4cb0-975f-c124dc1b8e0a,57896233-4c7f-4085-a095-0acfa290329a,300913006,Shellfish allergy
1992-05-24,,2821eba1-43a9-4a3b-8052-a7e838671a2a,7a1cce51-82a5-4a9c-b3be-0d1cc2eb46b4,300913006,Shellfish allergy
2000-04-18,,50694579-3508-498d-99d0-319b3bd4859f,ce9b1ba9-1d69-4d5e-88c0-63a1c74bd012,424213003,Allergy to bee venom
2000-04-18,,50694579-3508-498d-99d0-319b3bd4859f,ce9b1ba9-1d69-4d5e-88c0-63a1c74bd012,419474003,Allergy to mould
2000-04-18,2016-04-18,50694579-3508-498d-99d0-319b3bd4859f,ce9b1ba9-1d69-4d5e-88c0-63a1c74bd012,232350006,House dust mite allergy
2000-04-18,,50694579-3508-498d-99d0-319b3bd4859f,ce9b1ba9-1d69-4d5e-88c0-63a1c74bd012,232347008,Dander (animal) allergy
2000-04-18,2016-04-18,50694579-3508-498d-99d0-319b3bd4859f,ce9b1ba9-1d69-4d5e-88c0-63a1c74bd012,418689008,Allergy to grass pollen
2000-04-18,2016-04-18,50694579-3508-498d-99d0-319b3bd4859f,ce9b1ba9-1d69-4d5e-88c0-63a1c74bd012,419263009,Allergy to tree pollen
2000-04-18,2017-08-09,50694579-3508-498d-99d0-319b3bd4859f,ce9b1ba9-1d69-4d5e-88c0-63a1c74bd012,425525006,Allergy to dairy product
2000-04-18,2017-08-09,50694579-3508-498d-99d0-319b3bd4859f,ce9b1ba9-1d69-4d5e-88c0-63a1c74bd012,420174000,Allergy to wheat
1982-06-30,,770ab9b4-f783-4313-876d-5e9a5737a86b,76410231-49d1-4c0a-9b5f-4d5a868c773f,424213003,Allergy to bee venom
1982-06-30,,770ab9b4-f783-4313-876d-5e9a5737a86b,76410231-49d1-4c0a-9b5f-4d5a868c773f,419474003,Allergy to mould
1982-06-30,,770ab9b4-f783-4313-876d-5e9a5737a86b,76410231-49d1-4c0a-9b5f-4d5a868c773f,425525006,Allergy to dairy product
2018-12-30,,9ec1539b-5d8a-44ef-8b84-c7cb51c2434f,2891cceb-af1d-41e5-b600-6da3fbb2e015,419474003,Allergy to mould
2018-12-30,,9ec1539b-5d8a-44ef-8b84-c7cb51c2434f,2891cceb-af1d-41e5-b600-6da3fbb2e015,232350006,House dust mite allergy
2018-12-30,,9ec1539b-5d8a-44ef-8b84-c7cb51c2434f,2891cceb-af1d-41e5-b600-6da3fbb2e015,232347008,Dander (animal) allergy
2018-12-30,,9ec1539b-5d8a-44ef-8b84-c7cb51c2434f,2891cceb-af1d-41e5-b600-6da3fbb2e015,418689008,Allergy to grass pollen
2018-12-30,,9ec1539b-5d8a-44ef-8b84-c7cb51c2434f,2891cceb-af1d-41e5-b600-6da3fbb2e015,419263009,Allergy to tree pollen
2018-12-30,,9ec1539b-5d8a-44ef-8b84-c7cb51c2434f,2891cceb-af1d-41e5-b600-6da3fbb2e015,91930004,Allergy to eggs
2018-12-30,,9ec1539b-5d8a-44ef-8b84-c7cb51c2434f,2891cceb-af1d-41e5-b600-6da3fbb2e015,420174000,Allergy to wheat
2018-12-30,,9ec1539b-5d8a-44ef-8b84-c7cb51c2434f,2891cceb-af1d-41e5-b600-6da3fbb2e015,91934008,Allergy to nut
2018-02-28,,3ccc47e6-c9ed-44ce-b39e-7ee3b228d260,90df5b91-c4c6-46e7-afee-a50a212c01d4,419474003,Allergy to mould
2018-02-28,,3ccc47e6-c9ed-44ce-b39e-7ee3b228d260,90df5b91-c4c6-46e7-afee-a50a212c01d4,232350006,House dust mite allergy
2018-02-28,,3ccc47e6-c9ed-44ce-b39e-7ee3b228d260,90df5b91-c4c6-46e7-afee-a50a212c01d4,232347008,Dander (animal) allergy
2018-02-28,,3ccc47e6-c9ed-44ce-b39e-7ee3b228d260,90df5b91-c4c6-46e7-afee-a50a212c01d4,418689008,Allergy to grass pollen
2018-02-28,,3ccc47e6-c9ed-44ce-b39e-7ee3b228d260,90df5b91-c4c6-46e7-afee-a50a212c01d4,419263009,Allergy to tree pollen
2018-02-28,,3ccc47e6-c9ed-44ce-b39e-7ee3b228d260,90df5b91-c4c6-46e7-afee-a50a212c01d4,714035009,Allergy to soya
2018-02-28,,3ccc47e6-c9ed-44ce-b39e-7ee3b228d260,90df5b91-c4c6-46e7-afee-a50a212c01d4,91934008,Allergy to nut
2005-08-15,,a268694a-9057-495a-8cff-3835195aa106,30fc723d-11dd-4812-b810-595c061b048e,419474003,Allergy to mould
2005-08-15,,a268694a-9057-495a-8cff-3835195aa106,30fc723d-11dd-4812-b810-595c061b048e,232350006,House dust mite allergy
2005-08-15,,a268694a-9057-495a-8cff-3835195aa106,30fc723d-11dd-4812-b810-595c061b048e,232347008,Dander (animal) allergy
2005-08-15,,a268694a-9057-495a-8cff-3835195aa106,30fc723d-11dd-4812-b810-595c061b048e,419263009,Allergy to tree pollen
2005-08-15,,a268694a-9057-495a-8cff-3835195aa106,30fc723d-11dd-4812-b810-595c061b048e,425525006,Allergy to dairy product
2005-08-15,,a268694a-9057-495a-8cff-3835195aa106,30fc723d-11dd-4812-b810-595c061b048e,91930004,Allergy to eggs
2005-08-15,,a268694a-9057-495a-8cff-3835195aa106,30fc723d-11dd-4812-b810-595c061b048e,91934008,Allergy to nut
1994-11-03,2009-12-09,26f7cb6b-8845-4a34-ac9e-2bfb7b096cc6,69396344-fc0c-4f0a-a42f-922443bd172e,419474003,Allergy to mould
1994-11-03,2009-12-09,26f7cb6b-8845-4a34-ac9e-2bfb7b096cc6,69396344-fc0c-4f0a-a42f-922443bd172e,232347008,Dander (animal) allergy
1994-11-03,2009-12-09,26f7cb6b-8845-4a34-ac9e-2bfb7b096cc6,69396344-fc0c-4f0a-a42f-922443bd172e,418689008,Allergy to grass pollen
1994-11-03,2009-12-09,26f7cb6b-8845-4a34-ac9e-2bfb7b096cc6,69396344-fc0c-4f0a-a42f-922443bd172e,419263009,Allergy to tree pollen
1994-11-03,2012-02-23,26f7cb6b-8845-4a34-ac9e-2bfb7b096cc6,69396344-fc0c-4f0a-a42f-922443bd172e,91930004,Allergy to eggs
1994-11-03,,26f7cb6b-8845-4a34-ac9e-2bfb7b096cc6,69396344-fc0c-4f0a-a42f-922443bd172e,91935009,Allergy to peanuts
1980-02-07,,a922bce5-e21e-4eb6-b120-1f5776b49b2a,3b97657b-5e98-4a5a-9e4b-195239754c61,419474003,Allergy to mould
1980-02-07,,a922bce5-e21e-4eb6-b120-1f5776b49b2a,3b97657b-5e98-4a5a-9e4b-195239754c61,232347008,Dander (animal) allergy
1980-02-07,,a922bce5-e21e-4eb6-b120-1f5776b49b2a,3b97657b-5e98-4a5a-9e4b-195239754c61,418689008,Allergy to grass pollen
1980-02-07,,a922bce5-e21e-4eb6-b120-1f5776b49b2a,3b97657b-5e98-4a5a-9e4b-195239754c61,425525006,Allergy to dairy product
1980-02-07,,a922bce5-e21e-4eb6-b120-1f5776b49b2a,3b97657b-5e98-4a5a-9e4b-195239754c61,300913006,Shellfish allergy
1987-02-07,,b690d4ea-3efc-455f-8be3-92f099b33193,82d2d5d8-657f-4644-8097-47913a60c752,424213003,Allergy to bee venom
1996-09-19,,9336d35c-6e1f-4482-b8f4-bde6b2fd001c,6d36c361-952b-4c32-8954-113fbcd7aec9,418689008,Allergy to grass pollen
2004-02-16,,e95d1d77-3556-4fd5-9fa1-40da25b43253,f2e2a829-7199-40c9-bd21-62d6ba6df798,300913006,Shellfish allergy
1961-06-30,,1fe3de6b-7b73-4197-bffb-0c0783bf6114,b72d4665-c653-494b-a36c-71c3610b96a3,419474003,Allergy to mould
1961-06-30,,1fe3de6b-7b73-4197-bffb-0c0783bf6114,b72d4665-c653-494b-a36c-71c3610b96a3,232350006,House dust mite allergy
1961-06-30,,1fe3de6b-7b73-4197-bffb-0c0783bf6114,b72d4665-c653-494b-a36c-71c3610b96a3,232347008,Dander (animal) allergy
1961-06-30,,1fe3de6b-7b73-4197-bffb-0c0783bf6114,b72d4665-c653-494b-a36c-71c3610b96a3,418689008,Allergy to grass pollen
1961-06-30,,1fe3de6b-7b73-4197-bffb-0c0783bf6114,b72d4665-c653-494b-a36c-71c3610b96a3,419263009,Allergy to tree pollen
2015-12-20,,b525ab10-d7fb-4d3a-84a1-33c0e0ec5aa5,59787a5b-e29f-491f-a891-a315627e3fe1,424213003,Allergy to bee venom
2015-12-20,,b525ab10-d7fb-4d3a-84a1-33c0e0ec5aa5,59787a5b-e29f-491f-a891-a315627e3fe1,419474003,Allergy to mould
2015-12-20,,b525ab10-d7fb-4d3a-84a1-33c0e0ec5aa5,59787a5b-e29f-491f-a891-a315627e3fe1,232350006,House dust mite allergy
2015-12-20,,b525ab10-d7fb-4d3a-84a1-33c0e0ec5aa5,59787a5b-e29f-491f-a891-a315627e3fe1,232347008,Dander (animal) allergy
2015-12-20,,b525ab10-d7fb-4d3a-84a1-33c0e0ec5aa5,59787a5b-e29f-491f-a891-a315627e3fe1,418689008,Allergy to grass pollen
2015-12-20,,b525ab10-d7fb-4d3a-84a1-33c0e0ec5aa5,59787a5b-e29f-491f-a891-a315627e3fe1,419263009,Allergy to tree pollen
2015-12-20,,b525ab10-d7fb-4d3a-84a1-33c0e0ec5aa5,59787a5b-e29f-491f-a891-a315627e3fe1,420174000,Allergy to wheat
1983-09-10,,e12bd767-11df-4b06-b8d7-bbd5c549cf5a,27e41c33-fcc7-4733-92db-ae029b75219d,419474003,Allergy to mould
1983-09-10,,e12bd767-11df-4b06-b8d7-bbd5c549cf5a,27e41c33-fcc7-4733-92db-ae029b75219d,232350006,House dust mite allergy
1983-09-10,,e12bd767-11df-4b06-b8d7-bbd5c549cf5a,27e41c33-fcc7-4733-92db-ae029b75219d,232347008,Dander (animal) allergy
1983-09-10,,e12bd767-11df-4b06-b8d7-bbd5c549cf5a,27e41c33-fcc7-4733-92db-ae029b75219d,418689008,Allergy to grass pollen
1983-09-10,,e12bd767-11df-4b06-b8d7-bbd5c549cf5a,27e41c33-fcc7-4733-92db-ae029b75219d,419263009,Allergy to tree pollen
1983-09-10,,e12bd767-11df-4b06-b8d7-bbd5c549cf5a,27e41c33-fcc7-4733-92db-ae029b75219d,300913006,Shellfish allergy
1994-05-25,,4ae193b7-f7c5-4b99-9a92-6a28b5507325,1dbfb411-ba29-4443-adb0-68e80e49b2e4,419474003,Allergy to mould
1996-04-01,,bbb20fc6-6960-483e-aa7f-e7328a93cf4f,92d0b7cf-e40c-4b90-8a03-ce707cfd12a6,424213003,Allergy to bee venom
1996-04-01,,bbb20fc6-6960-483e-aa7f-e7328a93cf4f,92d0b7cf-e40c-4b90-8a03-ce707cfd12a6,232347008,Dander (animal) allergy
1996-04-01,,bbb20fc6-6960-483e-aa7f-e7328a93cf4f,92d0b7cf-e40c-4b90-8a03-ce707cfd12a6,418689008,Allergy to grass pollen
1965-09-06,,e2b9dca9-9565-45d1-9fc2-1850bd97c839,4d2c79bc-072e-49c8-809c-4c72d78c0026,300916003,Latex allergy
1965-09-06,,e2b9dca9-9565-45d1-9fc2-1850bd97c839,4d2c79bc-072e-49c8-809c-4c72d78c0026,419474003,Allergy to mould
1965-09-06,,e2b9dca9-9565-45d1-9fc2-1850bd97c839,4d2c79bc-072e-49c8-809c-4c72d78c0026,418689008,Allergy to grass pollen
1965-09-06,,e2b9dca9-9565-45d1-9fc2-1850bd97c839,4d2c79bc-072e-49c8-809c-4c72d78c0026,91934008,Allergy to nut
1974-08-14,,c71ea653-b510-440f-99c0-994a505a15d9,1de9987f-520c-43de-849a-5dc2c8664d99,300913006,Shellfish allergy
1962-08-23,,b5de239a-1ea7-49cb-a0dc-b0764d948ddc,cc4a58f3-b903-4e64-98ab-dec0637b01b8,300913006,Shellfish allergy
1984-01-26,,663a0912-b90e-46a7-bea0-2a6ae8cf76bb,b16ef985-b8c3-412b-8ec9-102bda63fae3,232347008,Dander (animal) allergy
1984-01-26,,663a0912-b90e-46a7-bea0-2a6ae8cf76bb,b16ef985-b8c3-412b-8ec9-102bda63fae3,300913006,Shellfish allergy
1984-01-26,,663a0912-b90e-46a7-bea0-2a6ae8cf76bb,b16ef985-b8c3-412b-8ec9-102bda63fae3,417532002,Allergy to fish
1984-01-26,,663a0912-b90e-46a7-bea0-2a6ae8cf76bb,b16ef985-b8c3-412b-8ec9-102bda63fae3,91935009,Allergy to peanuts
2010-05-17,,59b7c34b-f162-4240-b165-d416daa5b549,dfb641b5-b9a4-4d52-a2cd-ad49e9c2b680,419474003,Allergy to mould
2010-05-17,,59b7c34b-f162-4240-b165-d416daa5b549,dfb641b5-b9a4-4d52-a2cd-ad49e9c2b680,232350006,House dust mite allergy
2010-05-17,,59b7c34b-f162-4240-b165-d416daa5b549,dfb641b5-b9a4-4d52-a2cd-ad49e9c2b680,232347008,Dander (animal) allergy
2010-05-17,,59b7c34b-f162-4240-b165-d416daa5b549,dfb641b5-b9a4-4d52-a2cd-ad49e9c2b680,418689008,Allergy to grass pollen
1951-05-16,,c3b4f42c-130d-480d-b857-d365ab5833c6,13439b62-da32-4236-ac27-ede300c08f6e,232347008,Dander (animal) allergy
1969-09-01,,66948422-bf80-4308-9b6c-8a77b04fa6bb,5f45cd09-7fba-468a-9285-bfe7f926d7a2,419474003,Allergy to mould
2016-08-15,,fe1af299-06ab-491f-82c9-fb677f468333,24a3ad6c-90f3-4a29-aa07-d23ab6bbb40c,420174000,Allergy to wheat
1977-10-11,,0c4e5521-691d-42d2-b4c5-27d51b65fe98,97d0f44d-29d5-4cf7-96cf-0797d9b6b208,419474003,Allergy to mould
1977-10-11,,0c4e5521-691d-42d2-b4c5-27d51b65fe98,97d0f44d-29d5-4cf7-96cf-0797d9b6b208,232347008,Dander (animal) allergy
1977-10-11,,0c4e5521-691d-42d2-b4c5-27d51b65fe98,97d0f44d-29d5-4cf7-96cf-0797d9b6b208,419263009,Allergy to tree pollen
1977-10-11,,0c4e5521-691d-42d2-b4c5-27d51b65fe98,97d0f44d-29d5-4cf7-96cf-0797d9b6b208,417532002,Allergy to fish
1998-11-29,,4715ca4c-9a15-4ff5-88d6-54bacec10998,ec8378fa-8ba7-48fb-88e1-d6fe5dc58740,424213003,Allergy to bee venom
1998-11-29,2014-07-31,4715ca4c-9a15-4ff5-88d6-54bacec10998,ec8378fa-8ba7-48fb-88e1-d6fe5dc58740,419474003,Allergy to mould
1998-11-29,2014-07-31,4715ca4c-9a15-4ff5-88d6-54bacec10998,ec8378fa-8ba7-48fb-88e1-d6fe5dc58740,232350006,House dust mite allergy
1998-11-29,2014-07-31,4715ca4c-9a15-4ff5-88d6-54bacec10998,ec8378fa-8ba7-48fb-88e1-d6fe5dc58740,232347008,Dander (animal) allergy
1998-11-29,2014-07-31,4715ca4c-9a15-4ff5-88d6-54bacec10998,ec8378fa-8ba7-48fb-88e1-d6fe5dc58740,418689008,Allergy to grass pollen
1998-11-29,2014-07-31,4715ca4c-9a15-4ff5-88d6-54bacec10998,ec8378fa-8ba7-48fb-88e1-d6fe5dc58740,419263009,Allergy to tree pollen
1998-11-29,2015-04-29,4715ca4c-9a15-4ff5-88d6-54bacec10998,ec8378fa-8ba7-48fb-88e1-d6fe5dc58740,420174000,Allergy to wheat
1998-11-29,,4715ca4c-9a15-4ff5-88d6-54bacec10998,ec8378fa-8ba7-48fb-88e1-d6fe5dc58740,91934008,Allergy to nut
1998-11-29,,4715ca4c-9a15-4ff5-88d6-54bacec10998,ec8378fa-8ba7-48fb-88e1-d6fe5dc58740,91935009,Allergy to peanuts
1991-03-12,,5dcb7226-27c6-4247-aaa0-8ca41c549fd9,fba037e3-e3d0-4e32-99c0-f77668770859,419474003,Allergy to mould
1991-03-12,,5dcb7226-27c6-4247-aaa0-8ca41c549fd9,fba037e3-e3d0-4e32-99c0-f77668770859,232350006,House dust mite allergy
1991-03-12,,5dcb7226-27c6-4247-aaa0-8ca41c549fd9,fba037e3-e3d0-4e32-99c0-f77668770859,232347008,Dander (animal) allergy
1991-03-12,,5dcb7226-27c6-4247-aaa0-8ca41c549fd9,fba037e3-e3d0-4e32-99c0-f77668770859,418689008,Allergy to grass pollen
1991-03-12,,5dcb7226-27c6-4247-aaa0-8ca41c549fd9,fba037e3-e3d0-4e32-99c0-f77668770859,419263009,Allergy to tree pollen
1991-03-12,,5dcb7226-27c6-4247-aaa0-8ca41c549fd9,fba037e3-e3d0-4e32-99c0-f77668770859,425525006,Allergy to dairy product
1991-03-12,,5dcb7226-27c6-4247-aaa0-8ca41c549fd9,fba037e3-e3d0-4e32-99c0-f77668770859,420174000,Allergy to wheat
1991-03-12,,5dcb7226-27c6-4247-aaa0-8ca41c549fd9,fba037e3-e3d0-4e32-99c0-f77668770859,91935009,Allergy to peanuts
1958-07-21,,7e4b83ab-ec6f-49d1-bbf9-9e83f0760311,b4315c76-517a-40e7-81d8-75aab22f50c3,417532002,Allergy to fish
1958-07-21,,7e4b83ab-ec6f-49d1-bbf9-9e83f0760311,b4315c76-517a-40e7-81d8-75aab22f50c3,91935009,Allergy to peanuts
2014-12-24,,7233331f-76ee-4fe7-987a-7bc496106f35,b6814dd2-a9ce-4e2d-b713-a28fb54818dc,300916003,Latex allergy
2014-12-24,,7233331f-76ee-4fe7-987a-7bc496106f35,b6814dd2-a9ce-4e2d-b713-a28fb54818dc,424213003,Allergy to bee venom
2014-12-24,,7233331f-76ee-4fe7-987a-7bc496106f35,b6814dd2-a9ce-4e2d-b713-a28fb54818dc,419474003,Allergy to mould
2014-12-24,,7233331f-76ee-4fe7-987a-7bc496106f35,b6814dd2-a9ce-4e2d-b713-a28fb54818dc,232350006,House dust mite allergy
2014-12-24,,7233331f-76ee-4fe7-987a-7bc496106f35,b6814dd2-a9ce-4e2d-b713-a28fb54818dc,232347008,Dander (animal) allergy
2014-12-24,,7233331f-76ee-4fe7-987a-7bc496106f35,b6814dd2-a9ce-4e2d-b713-a28fb54818dc,418689008,Allergy to grass pollen
2014-12-24,,7233331f-76ee-4fe7-987a-7bc496106f35,b6814dd2-a9ce-4e2d-b713-a28fb54818dc,419263009,Allergy to tree pollen
2014-12-24,,7233331f-76ee-4fe7-987a-7bc496106f35,b6814dd2-a9ce-4e2d-b713-a28fb54818dc,91935009,Allergy to peanuts
2002-01-20,,c2359a5d-3f2d-442b-9c81-5e53a109b173,53fb9553-624d-400c-a2b7-24719b2c0412,300913006,Shellfish allergy
1966-08-09,,e1b6cb44-a09d-4c65-b993-e3a56154b961,054b660b-5e50-4a4f-979b-299be0ee46bf,300913006,Shellfish allergy
1966-08-09,,e1b6cb44-a09d-4c65-b993-e3a56154b961,054b660b-5e50-4a4f-979b-299be0ee46bf,417532002,Allergy to fish
